x,y
-0.022796303184584588,-0.010256913017901326
0.07598954448939743,-0.043185528909228665
0.17477539216338123,-0.076114144800556
0.24063262394603768,-0.10904276069188334
0.40527570340267616,-0.1748999924745398
0.6357760146419711,-0.24075722425719448
0.8004190940986096,-0.30661445603985094
0.9979907894465772,-0.3395430719311783
1.1955624847945447,-0.40540030371383473
1.4919200278164944,-0.4712575354964894
1.8541348026211004,-0.5371147672791459
2.1175637297517236,-0.5700433831704732
2.183420961534379,-0.5700433831704732
2.545635736338985,-0.6029719990618005
2.874921895252263,-0.6029719990618005
3.0395649747089024,-0.6029719990618005
3.138350822382886,-0.6029719990618005
3.3029939018395247,-0.5700433831704732
3.5334942130788196,-0.5700433831704732
3.796923140209442,-0.5371147672791459
4.060352067340066,-0.5041861513878168
4.323780994470688,-0.5041861513878168
4.521352689818654,-0.4712575354964894
4.751853001057949,-0.4712575354964894
4.9494246964059165,-0.4712575354964894
5.0482105440799,-0.4712575354964894
5.146996391753884,-0.4712575354964894
5.34456808710185,-0.5041861513878168
5.50921116655849,-0.5371147672791459
5.575068398341145,-0.5700433831704732
5.7726400936891125,-0.6359006149531297
6.036069020819735,-0.7017578467357843
6.200712100276373,-0.7676150785184408
6.26656933205903,-0.8005436944097681
6.332426563841684,-0.8005436944097681
6.398283795624341,-0.8334723103010955
6.4641410274069955,-0.8334723103010955
6.562926875080979,-0.8993295420837519
6.628784106863636,-0.9322581579750793
6.69464133864629,-0.9651867738664066
6.793427186320274,-0.9981153897577357
6.859284418102931,-1.0639726215403904
6.9580702657769145,-1.0969012374317195
7.023927497559569,-1.1298298533230469
7.122713345233553,-1.1627584692143742
7.221499192907537,-1.1956870851057015
7.287356424690191,-1.2286157009970289
7.353213656472848,-1.261544316888358
7.45199950414683,-1.2944729327796853
7.517856735929486,-1.3274015486710127
7.583713967712143,-1.3274015486710127
7.6495711994947975,-1.3603301645623418
7.715428431277454,-1.3932587804536691
7.781285663060109,-1.4261873963449965
7.847142894842765,-1.4591160122363256
7.945928742516749,-1.4920446281276512
8.07764320608206,-1.5249732440189803
8.209357669647371,-1.590830475801635
8.275214901430026,-1.623759091692964
8.341072133212682,-1.6566877075842914
8.472786596777993,-1.7225449393669479
8.604501060343305,-1.7884021711496025
8.703286908017288,-1.8213307870409317
8.802072755691272,-1.8871880188235863
8.96671583514791,-1.9859738664975701
9.131358914604549,-2.084759714171554
9.26307337816986,-2.1506169459542086
9.493573689409155,-2.2823314095195197
9.855788464213761,-2.446974488976159
10.218003239018367,-2.6116175684327985
10.382646318475008,-2.677474800215454
10.514360782040319,-2.7433320319981096
10.679003861496957,-2.809189263780765
10.843646940953597,-2.907975111454749
11.008290020410236,-2.9738323432374045
11.10707586808422,-3.006760959128732
11.23879033164953,-3.03968957502006
11.304647563432185,-3.0726181909113883
11.40343341110617,-3.0726181909113883
11.502219258780151,-3.0726181909113883
11.601005106454135,-3.0726181909113883
11.666862338236793,-3.0726181909113883
11.732719570019448,-3.0726181909113883
11.798576801802103,-3.0726181909113883
11.864434033584757,-3.0726181909113883
11.930291265367416,-3.03968957502006
11.99614849715007,-3.03968957502006
12.062005728932725,-3.006760959128732
12.127862960715383,-2.9738323432374045
12.193720192498038,-2.9738323432374045
12.259577424280693,-2.9409037273460763
12.325434656063347,-2.9409037273460763
12.391291887846005,-2.9409037273460763
12.45714911962866,-2.9409037273460763
12.523006351411315,-2.9409037273460763
12.58886358319397,-2.9409037273460763
12.654720814976628,-2.907975111454749
12.720578046759282,-2.907975111454749
12.786435278541937,-2.907975111454749
12.852292510324595,-2.8750464955634207
12.91814974210725,-2.8750464955634207
12.984006973889905,-2.8750464955634207
13.04986420567256,-2.8750464955634207
13.115721437455218,-2.8750464955634207
13.181578669237872,-2.8750464955634207
13.247435901020527,-2.8750464955634207
13.34622174869451,-2.8750464955634207
13.445007596368495,-2.8750464955634207
13.543793444042478,-2.8421178796720934
13.609650675825133,-2.8421178796720934
13.675507907607788,-2.8421178796720934
13.741365139390446,-2.8421178796720934
13.84015098706443,-2.8421178796720934
13.906008218847084,-2.809189263780765
13.971865450629739,-2.809189263780765
14.037722682412394,-2.809189263780765
14.103579914195052,-2.809189263780765
14.169437145977707,-2.809189263780765
14.235294377760361,-2.809189263780765
14.30115160954302,-2.809189263780765
14.367008841325674,-2.809189263780765
14.432866073108329,-2.809189263780765
14.498723304890987,-2.8421178796720934
14.564580536673642,-2.8421178796720934
14.630437768456297,-2.8750464955634207
14.696295000238951,-2.907975111454749
14.762152232021606,-2.9409037273460763
14.828009463804264,-2.9738323432374045
14.893866695586919,-3.006760959128732
14.959723927369573,-3.03968957502006
15.025581159152232,-3.03968957502006
15.091438390934886,-3.0726181909113883
15.157295622717541,-3.1055468068027157
15.2231528545002,-3.138475422694044
15.2231528545002,-3.2043326544766995
15.19022423860887,-3.1055468068027157
15.157295622717541,-3.03968957502006
15.157295622717541,-2.9738323432374045
15.124367006826212,-2.907975111454749
15.124367006826212,-2.8421178796720934
15.091438390934886,-2.776260647889438
15.058509775043557,-2.7104034161067823
14.992652543260903,-2.644546184324126
14.926795311478248,-2.5786889525414702
14.860938079695593,-2.5128317207588147
14.828009463804264,-2.446974488976159
14.762152232021606,-2.4140458730848318
14.696295000238951,-2.348188641302176
14.630437768456297,-2.2823314095195197
14.564580536673642,-2.2164741777368633
14.498723304890987,-2.1835455618455377
14.432866073108329,-2.1506169459542086
14.367008841325674,-2.084759714171554
14.30115160954302,-2.0189024823888975
14.235294377760361,-1.953045250606241
14.202365761869036,-1.8871880188235863
14.136508530086381,-1.8213307870409317
14.070651298303723,-1.7554735552582752
14.004794066521068,-1.6896163234756187
13.938936834738413,-1.6566877075842914
13.873079602955755,-1.590830475801635
13.8072223711731,-1.5249732440189803
13.741365139390446,-1.4920446281276512
13.708436523499117,-1.4261873963449965
13.642579291716462,-1.3603301645623418
13.576722059933807,-1.2944729327796853
13.51086482815115,-1.2286157009970289
13.445007596368495,-1.1956870851057015
13.37915036458584,-1.1627584692143742
13.313293132803182,-1.1298298533230469
13.247435901020527,-1.0639726215403904
13.181578669237872,-1.031044005649063
13.115721437455218,-0.9981153897577357
13.04986420567256,-0.9322581579750793
12.984006973889905,-0.8993295420837519
12.88522112621592,-0.8334723103010955
12.819363894433266,-0.8005436944097681
12.753506662650612,-0.7676150785184408
12.687649430867953,-0.7017578467357843
12.621792199085299,-0.7017578467357843
12.555934967302644,-0.6359006149531297
12.49007773551999,-0.5700433831704732
12.424220503737331,-0.5041861513878168
12.358363271954676,-0.43832891960516207
12.292506040172022,-0.3724716878225074
12.226648808389363,-0.30661445603985094
12.193720192498038,-0.24075722425719448
12.127862960715383,-0.1748999924745398
12.062005728932725,-0.10904276069188334
11.99614849715007,-0.076114144800556
11.963219881258741,-0.010256913017901326
11.897362649476086,0.08852893465608247
11.831505417693432,0.15438616643873893
11.798576801802103,0.22024339822139538
11.732719570019448,0.28610063000405006
11.699790954128119,0.35195786178670474
11.633933722345464,0.4178150935693612
11.601005106454135,0.48367232535201765
11.53514787467148,0.5495295571346723
11.502219258780151,0.6153867889173288
11.469290642888826,0.6812440206999835
11.436362026997497,0.7471012524826399
11.370504795214842,0.8458871001566237
11.337576179323515,0.9117443319392784
11.304647563432185,0.9776015637219349
11.23879033164953,1.0434587955045895
11.205861715758203,1.109316027287246
11.172933099866874,1.1751732590699007
11.140004483975547,1.2410304908525571
11.07414725219289,1.339816338526541
11.041218636301563,1.438602186200523
11.041218636301563,1.5373880338745067
11.041218636301563,1.6361738815484905
11.041218636301563,1.702031113331147
11.008290020410236,1.7678883451138017
11.008290020410236,1.8337455768964581
11.008290020410236,1.8996028086791128
10.975361404518909,1.9983886563530966
10.975361404518909,2.064245888135753
10.975361404518909,2.1301031199184077
10.975361404518909,2.195960351701064
10.94243278862758,2.261817583483719
10.94243278862758,2.3276748152663753
10.909504172736252,2.39353204704903
10.909504172736252,2.4593892788316865
10.909504172736252,2.525246510614343
10.909504172736252,2.5911037423969976
10.876575556844925,2.656960974179654
10.876575556844925,2.7228182059623087
10.876575556844925,2.788675437744965
10.876575556844925,2.887461285418949
10.876575556844925,2.9533185172016037
10.876575556844925,3.01917574898426
10.876575556844925,3.085032980766915
10.876575556844925,3.1508902125495712
10.876575556844925,3.216747444332226
10.876575556844925,3.2826046761148824
10.876575556844925,3.348461907897537
10.876575556844925,3.4143191396801935
10.876575556844925,3.480176371462848
10.876575556844925,3.5460336032455047
10.876575556844925,3.611890835028161
10.876575556844925,3.677748066810816
10.876575556844925,3.7436052985934722
10.876575556844925,3.809462530376127
10.876575556844925,3.8753197621587834
10.876575556844925,3.941176993941438
10.876575556844925,4.039962841615422
10.876575556844925,4.105820073398078
10.876575556844925,4.171677305180733
10.876575556844925,4.237534536963389
10.909504172736252,4.3363203846373715
10.909504172736252,4.402177616420028
10.909504172736252,4.468034848202684
10.909504172736252,4.533892079985339
10.909504172736252,4.5997493117679955
10.909504172736252,4.66560654355065
10.909504172736252,4.731463775333307
10.909504172736252,4.797321007115961
10.909504172736252,4.863178238898618
10.909504172736252,4.961964086572602
10.909504172736252,5.027821318355256
10.909504172736252,5.093678550137913
10.909504172736252,5.1924643978118965
10.909504172736252,5.258321629594551
10.909504172736252,5.324178861377208
10.909504172736252,5.390036093159862
10.909504172736252,5.455893324942519
10.909504172736252,5.5217505567251735
10.909504172736252,5.58760778850783
10.909504172736252,5.653465020290486
10.909504172736252,5.75225086796447
10.909504172736252,5.818108099747125
10.909504172736252,5.8839653315297795
10.909504172736252,5.949822563312438
10.909504172736252,6.015679795095092
10.909504172736252,6.081537026877747
10.909504172736252,6.147394258660402
10.909504172736252,6.2132514904430565
10.876575556844925,6.279108722225715
10.876575556844925,6.344965954008369
10.876575556844925,6.410823185791024
10.876575556844925,6.476680417573682
10.876575556844925,6.542537649356337
10.876575556844925,6.608394881138992
10.876575556844925,6.67425211292165
10.876575556844925,6.740109344704305
10.876575556844925,6.805966576486959
10.876575556844925,6.871823808269614
10.876575556844925,6.937681040052269
10.876575556844925,7.003538271834927
10.876575556844925,7.0693955036175815
10.876575556844925,7.135252735400236
10.876575556844925,7.201109967182894
10.876575556844925,7.266967198965549
10.876575556844925,7.332824430748204
10.876575556844925,7.398681662530862
10.94243278862758,7.398681662530862
11.008290020410236,7.365753046639533
11.07414725219289,7.365753046639533
11.140004483975547,7.332824430748204
11.205861715758203,7.332824430748204
11.271718947540858,7.299895814856875
11.337576179323515,7.299895814856875
11.40343341110617,7.266967198965549
11.469290642888826,7.23403858307422
11.53514787467148,7.201109967182894
11.601005106454135,7.201109967182894
11.666862338236793,7.168181351291565
11.732719570019448,7.135252735400236
11.798576801802103,7.102324119508911
11.864434033584757,7.0693955036175815
11.930291265367416,7.036466887726256
11.99614849715007,7.003538271834927
12.062005728932725,6.970609655943598
12.127862960715383,6.937681040052269
12.160791576606709,6.871823808269614
12.226648808389363,6.871823808269614
12.45714911962866,6.77303796059563
12.45714911962866,6.838895192378288
12.45714911962866,6.904752424160943
12.45714911962866,6.970609655943598
12.45714911962866,7.0693955036175815
12.424220503737331,7.135252735400236
12.424220503737331,7.23403858307422
12.424220503737331,7.299895814856875
12.424220503737331,7.365753046639533
12.424220503737331,7.431610278422188
12.424220503737331,7.497467510204842
12.391291887846005,7.5633247419875005
12.391291887846005,7.662110589661481
12.358363271954676,7.727967821444139
12.325434656063347,7.793825053226794
12.292506040172022,7.859682285009448
12.259577424280693,7.9255395167921066
12.259577424280693,7.991396748574761
12.226648808389363,8.057253980357416
12.193720192498038,8.123111212140074
12.160791576606709,8.188968443922729
12.127862960715383,8.254825675705384
12.062005728932725,8.320682907488038
11.99614849715007,8.353611523379367
11.963219881258741,8.419468755162022
11.897362649476086,8.452397371053351
11.831505417693432,8.518254602836006
11.765648185910777,8.551183218727335
11.699790954128119,8.61704045050999
11.633933722345464,8.682897682292644
11.56807649056281,8.715826298183973
11.469290642888826,8.748754914075299
11.40343341110617,8.781683529966628
11.337576179323515,8.814612145857957
11.271718947540858,8.814612145857957
11.205861715758203,8.847540761749286
11.140004483975547,8.880469377640612
11.07414725219289,8.880469377640612
11.008290020410236,8.913397993531941
10.94243278862758,8.913397993531941
10.876575556844925,8.946326609423267
10.810718325062268,8.946326609423267
10.744861093279614,8.979255225314596
10.679003861496957,9.012183841205925
10.613146629714302,9.012183841205925
10.547289397931646,9.04511245709725
10.481432166148991,9.04511245709725
10.415574934366335,9.04511245709725
10.349717702583678,9.04511245709725
10.283860470801024,9.07804107298858
10.218003239018367,9.07804107298858
10.152146007235713,9.07804107298858
10.086288775453056,9.07804107298858
10.020431543670401,9.07804107298858
9.954574311887745,9.110969688879905
9.88871708010509,9.110969688879905
9.822859848322434,9.110969688879905
9.75700261653978,9.110969688879905
9.691145384757123,9.110969688879905
9.625288152974466,9.143898304771234
9.559430921191812,9.143898304771234
9.460645073517828,9.176826920662563
9.394787841735173,9.176826920662563
9.328930609952517,9.209755536553892
9.26307337816986,9.209755536553892
9.197216146387206,9.242684152445218
9.131358914604549,9.275612768336547
9.065501682821894,9.275612768336547
8.999644451039238,9.275612768336547
8.933787219256583,9.308541384227873
8.867929987473927,9.341470000119202
8.802072755691272,9.341470000119202
8.736215523908616,9.37439861601053
8.670358292125961,9.37439861601053
8.604501060343305,9.37439861601053
8.538643828560648,9.407327231901856
8.472786596777993,9.407327231901856
8.406929364995337,9.440255847793185
8.341072133212682,9.473184463684511
8.275214901430026,9.473184463684511
8.209357669647371,9.473184463684511
8.143500437864715,9.50611307957584
8.07764320608206,9.53904169546717
8.011785974299404,9.53904169546717
7.945928742516749,9.53904169546717
7.880071510734092,9.571970311358498
7.781285663060109,9.571970311358498
7.715428431277454,9.604898927249824
7.6495711994947975,9.604898927249824
7.583713967712143,9.637827543141153
7.517856735929486,9.637827543141153
7.484928120038159,9.703684774923808
7.4190708882555025,9.703684774923808
7.353213656472848,9.736613390815137
7.287356424690191,9.769542006706462
7.221499192907537,9.802470622597792
7.15564196112488,9.802470622597792
7.089784729342224,9.868327854380446
7.023927497559569,9.934185086163104
6.9580702657769145,10.00004231794576
6.892213033994258,10.065899549728414
6.892213033994258,10.131756781511069
6.859284418102931,10.197614013293723
6.8263558022116015,10.263471245076381
6.793427186320274,10.329328476859036
6.793427186320274,10.39518570864169
6.760498570428947,10.461042940424349
6.760498570428947,10.526900172207004
6.8263558022116015,10.592757403989658
6.859284418102931,10.658614635772317
6.925141649885585,10.724471867554971
6.990998881668242,10.790329099337626
7.0568561134508965,10.85618633112028
7.122713345233553,10.85618633112028
7.188570577016208,10.922043562902935
7.254427808798864,10.954972178794264
7.3202850405815205,10.954972178794264
7.386142272364175,10.987900794685594
7.45199950414683,11.020829410576923
7.517856735929486,11.053758026468248
7.583713967712143,11.086686642359574
7.6495711994947975,11.152543874142232
7.715428431277454,11.185472490033561
7.781285663060109,11.218401105924887
7.847142894842765,11.251329721816216
7.91300012662542,11.284258337707541
7.978857358408076,11.284258337707541
8.04471459019073,11.284258337707541
8.110571821973387,11.284258337707541
8.176429053756042,11.284258337707541
8.242286285538698,11.284258337707541
8.308143517321355,11.284258337707541
8.37400074910401,11.284258337707541
8.439857980886666,11.284258337707541
8.50571521266932,11.284258337707541
8.571572444451977,11.284258337707541
8.670358292125961,11.284258337707541
8.736215523908616,11.284258337707541
8.802072755691272,11.284258337707541
8.867929987473927,11.284258337707541
8.933787219256583,11.251329721816216
8.999644451039238,11.218401105924887
9.065501682821894,11.218401105924887
9.131358914604549,11.185472490033561
9.197216146387206,11.152543874142232
9.26307337816986,11.152543874142232
9.328930609952517,11.119615258250903
9.394787841735173,11.086686642359574
9.460645073517828,11.053758026468248
9.526502305300484,11.053758026468248
9.592359537083139,11.020829410576923
9.658216768865795,10.987900794685594
9.75700261653978,10.987900794685594
9.822859848322434,10.954972178794264
9.88871708010509,10.922043562902935
9.954574311887745,10.922043562902935
10.020431543670401,10.88911494701161
10.086288775453056,10.85618633112028
10.152146007235713,10.85618633112028
10.218003239018367,10.823257715228955
10.283860470801024,10.790329099337626
10.349717702583678,10.790329099337626
10.415574934366335,10.757400483446297
10.481432166148991,10.724471867554971
10.547289397931646,10.691543251663642
10.613146629714302,10.658614635772317
10.679003861496957,10.625686019880987
10.744861093279614,10.592757403989658
10.810718325062268,10.55982878809833
10.876575556844925,10.526900172207004
10.94243278862758,10.493971556315675
11.008290020410236,10.461042940424349
11.07414725219289,10.42811432453302
11.140004483975547,10.362257092750365
11.205861715758203,10.329328476859036
11.271718947540858,10.329328476859036
11.337576179323515,10.29639986096771
11.436362026997497,10.263471245076381
11.502219258780151,10.230542629185052
11.56807649056281,10.197614013293723
11.633933722345464,10.164685397402398
11.699790954128119,10.164685397402398
11.765648185910777,10.131756781511069
11.864434033584757,10.098828165619743
11.930291265367416,10.098828165619743
11.99614849715007,10.065899549728414
12.062005728932725,10.065899549728414
12.127862960715383,10.032970933837085
12.193720192498038,10.00004231794576
12.259577424280693,10.00004231794576
12.325434656063347,9.96711370205443
12.391291887846005,9.934185086163104
12.45714911962866,9.901256470271775
12.523006351411315,9.901256470271775
12.621792199085299,9.868327854380446
12.687649430867953,9.835399238489117
12.753506662650612,9.835399238489117
12.819363894433266,9.802470622597792
12.88522112621592,9.802470622597792
12.951078357998576,9.769542006706462
13.016935589781234,9.769542006706462
13.082792821563888,9.736613390815137
13.148650053346543,9.736613390815137
13.214507285129201,9.703684774923808
13.280364516911856,9.670756159032479
13.34622174869451,9.637827543141153
13.412078980477165,9.637827543141153
13.477936212259824,9.604898927249824
13.543793444042478,9.571970311358498
13.609650675825133,9.53904169546717
13.675507907607788,9.53904169546717
13.741365139390446,9.50611307957584
13.8072223711731,9.473184463684511
13.873079602955755,9.440255847793185
13.938936834738413,9.407327231901856
14.004794066521068,9.407327231901856
14.070651298303723,9.37439861601053
14.136508530086381,9.341470000119202
14.202365761869036,9.341470000119202
14.26822299365169,9.308541384227873
14.334080225434345,9.275612768336547
14.432866073108329,9.242684152445218
14.498723304890987,9.209755536553892
14.564580536673642,9.209755536553892
14.630437768456297,9.176826920662563
14.696295000238951,9.143898304771234
14.762152232021606,9.110969688879905
14.828009463804264,9.07804107298858
14.893866695586919,9.07804107298858
14.959723927369573,9.07804107298858
15.025581159152232,9.07804107298858
15.091438390934886,9.07804107298858
15.157295622717541,9.07804107298858
15.2231528545002,9.04511245709725
15.289010086282854,9.012183841205925
15.354867318065509,9.012183841205925
15.420724549848163,8.979255225314596
15.486581781630818,8.946326609423267
15.552439013413476,8.913397993531941
15.618296245196131,8.880469377640612
15.684153476978786,8.880469377640612
15.750010708761444,8.847540761749286
15.815867940544099,8.814612145857957
15.914653788218082,8.781683529966628
16.013439635892066,8.748754914075299
16.07929686767472,8.748754914075299
16.145154099457375,8.715826298183973
16.21101133124003,8.715826298183973
16.27686856302269,8.715826298183973
16.342725794805343,8.682897682292644
16.441511642479327,8.649969066401319
16.50736887426198,8.61704045050999
16.606154721935965,8.61704045050999
16.672011953718624,8.58411183461866
16.73786918550128,8.551183218727335
16.803726417283933,8.518254602836006
16.869583649066588,8.452397371053351
16.935440880849242,8.419468755162022
17.0012981126319,8.386540139270693
17.067155344414555,8.320682907488038
17.13301257619721,8.287754291596713
17.16594119208854,8.221897059814054
17.231798423871194,8.188968443922729
17.29765565565385,8.123111212140074
17.363512887436507,8.090182596248745
17.42937011921916,8.024325364466087
17.46229873511049,7.958468132683432
17.528155966893145,7.892610900900777
17.5940131986758,7.826753669118123
17.659870430458454,7.793825053226794
17.725727662241113,7.727967821444139
17.824513509915093,7.596253357878826
17.89037074169775,7.530396126096171
17.956227973480406,7.464538894313517
17.989156589371735,7.398681662530862
18.08794243704572,7.299895814856875
18.153799668828373,7.201109967182894
18.252585516502357,7.102324119508911
18.285514132393686,7.003538271834927
18.35137136417634,6.937681040052269
18.384299980067667,6.871823808269614
18.417228595958996,6.805966576486959
18.450157211850325,6.740109344704305
18.51601444363298,6.641323497030321
18.581871675415634,6.542537649356337
18.581871675415634,6.476680417573682
18.647728907198292,6.410823185791024
18.680657523089618,6.344965954008369
18.713586138980947,6.279108722225715
18.746514754872273,6.2132514904430565
18.7794433707636,6.147394258660402
18.81237198665493,6.081537026877747
18.878229218437586,5.982751179203763
18.94408645022024,5.8839653315297795
18.97701506611157,5.818108099747125
19.0099436820029,5.75225086796447
19.042872297894224,5.686393636181812
19.10872952967688,5.620536404399157
19.174586761459537,5.554679172616503
19.24044399324219,5.488821940833846
19.339229840916175,5.42296470905119
19.40508707269883,5.357107477268535
19.43801568859016,5.29125024548588
19.503872920372814,5.258321629594551
19.536801536264143,5.1924643978118965
19.602658768046798,5.159535781920567
19.635587383938123,5.093678550137913
19.70144461572078,5.027821318355256
19.73437323161211,4.961964086572602
19.767301847503436,4.896106854789945
19.83315907928609,4.83024962300729
19.89901631106875,4.764392391224634
19.931944926960078,4.6985351594419775
19.99780215874273,4.632677927659323
20.03073077463406,4.566820695876668
20.096588006416717,4.500963464094012
20.16244523819937,4.402177616420028
20.228302469982026,4.303391768746044
20.294159701764684,4.237534536963389
20.32708831765601,4.171677305180733
20.360016933547335,4.105820073398078
20.392945549438664,4.0070342257240945
20.458802781221323,3.941176993941438
20.49173139711265,3.8753197621587834
20.524660013003977,3.809462530376127
20.557588628895303,3.7436052985934722
20.590517244786632,3.677748066810816
20.62344586067796,3.611890835028161
20.689303092460616,3.5460336032455047
20.72223170835194,3.480176371462848
20.75516032424327,3.4143191396801935
20.82101755602593,3.348461907897537
20.886874787808583,3.2826046761148824
20.91980340369991,3.216747444332226
20.985660635482567,3.1508902125495712
21.018589251373896,3.085032980766915
21.084446483156547,3.0521043648755875
21.117375099047877,2.986247133092931
21.150303714939206,2.9203899013102763
21.21616094672186,2.887461285418949
21.24908956261319,2.8216040536362925
21.282018178504515,2.755746821853636
21.314946794395844,2.6898895900709814
21.380804026178502,2.656960974179654
21.413732642069828,2.5911037423969976
21.479589873852483,2.5581751265056702
21.51251848974381,2.492317894723014
21.578375721526466,2.4593892788316865
21.64423295330912,2.426460662940359
21.71009018509178,2.39353204704903
21.84180464865709,2.294746199375048
21.80887603276576,2.2288889675923915
21.74301880098311,2.1301031199184077
21.67716156920045,2.064245888135753
21.64423295330912,1.9983886563530966
21.578375721526466,1.932531424570442
21.54544710563514,1.8666741927877855
21.479589873852483,1.800816961005129
21.413732642069828,1.7349597292224743
21.380804026178502,1.6691024974398196
21.314946794395844,1.6032452656571632
21.24908956261319,1.5373880338745067
21.183232330830535,1.471530802091852
21.150303714939206,1.4056735703091956
21.084446483156547,1.3727449544178683
21.051517867265222,1.3068877226352136
20.985660635482567,1.2739591067438845
20.952732019591238,1.2081018749612298
20.886874787808583,1.1751732590699007
20.82101755602593,1.109316027287246
20.75516032424327,1.0763874113959169
20.689303092460616,1.0105301796132622
20.62344586067796,0.9776015637219349
20.557588628895303,0.9446729478306075
20.49173139711265,0.9117443319392784
20.425874165329994,0.9117443319392784
20.360016933547335,0.8788157160479511
20.294159701764684,0.8788157160479511
20.228302469982026,0.8458871001566237
20.16244523819937,0.8458871001566237
20.063659390525387,0.8129584842652946
19.99780215874273,0.8129584842652946
19.931944926960078,0.7800298683739673
19.83315907928609,0.7800298683739673
19.767301847503436,0.7471012524826399
19.668515999829452,0.7471012524826399
19.602658768046798,0.7471012524826399
19.536801536264143,0.7471012524826399
19.43801568859016,0.7471012524826399
19.339229840916175,0.7471012524826399
19.24044399324219,0.7471012524826399
19.174586761459537,0.7471012524826399
19.075800913785553,0.7471012524826399
19.0099436820029,0.7471012524826399
18.94408645022024,0.7471012524826399
18.878229218437586,0.7471012524826399
18.7794433707636,0.7471012524826399
18.713586138980947,0.7471012524826399
18.614800291306963,0.7471012524826399
18.548943059524305,0.7471012524826399
18.483085827741654,0.7471012524826399
18.417228595958996,0.7471012524826399
18.35137136417634,0.7471012524826399
18.285514132393686,0.7471012524826399
18.219656900611028,0.7471012524826399
18.120871052937048,0.7471012524826399
18.05501382115439,0.7471012524826399
17.956227973480406,0.7471012524826399
17.89037074169775,0.7471012524826399
17.791584894023767,0.7471012524826399
17.725727662241113,0.7471012524826399
17.659870430458454,0.7471012524826399
17.5940131986758,0.7471012524826399
17.528155966893145,0.7471012524826399
17.46229873511049,0.7471012524826399
17.363512887436507,0.7471012524826399
17.29765565565385,0.7471012524826399
17.231798423871194,0.7471012524826399
17.16594119208854,0.7471012524826399
17.067155344414555,0.7471012524826399
17.0012981126319,0.7471012524826399
16.935440880849242,0.7141726365913108
16.869583649066588,0.7141726365913108
16.770797801392604,0.7141726365913108
16.70494056960995,0.7141726365913108
16.639083337827294,0.6812440206999835
16.573226106044636,0.6812440206999835
16.50736887426198,0.6483154048086561
16.441511642479327,0.6483154048086561
16.342725794805343,0.6153867889173288
16.27686856302269,0.6153867889173288
16.21101133124003,0.6153867889173288
16.11222548356605,0.5824581730260014
16.04636825178339,0.5824581730260014
15.980511020000737,0.5824581730260014
15.914653788218082,0.5824581730260014
15.848796556435424,0.5824581730260014
15.78293932465277,0.5824581730260014
15.717082092870115,0.5824581730260014
15.65122486108746,0.5824581730260014
15.585367629304805,0.5824581730260014
15.519510397522147,0.5824581730260014
15.453653165739492,0.5824581730260014
15.387795933956838,0.5824581730260014
15.32193870217418,0.5824581730260014
15.256081470391525,0.5495295571346723
15.19022423860887,0.5495295571346723
15.124367006826212,0.5495295571346723
15.058509775043557,0.5495295571346723
14.992652543260903,0.5495295571346723
14.926795311478248,0.516600941243345
14.860938079695593,0.516600941243345
14.795080847912935,0.48367232535201765
14.72922361613028,0.45074370946068854
14.663366384347626,0.45074370946068854
14.597509152564967,0.4178150935693612
14.531651920782313,0.4178150935693612
14.465794688999658,0.4178150935693612
14.399937457217,0.4178150935693612
14.334080225434345,0.4178150935693612
14.26822299365169,0.4178150935693612
14.202365761869036,0.4178150935693612
14.136508530086381,0.4178150935693612
14.070651298303723,0.4178150935693612
14.004794066521068,0.4178150935693612
13.938936834738413,0.4178150935693612
13.873079602955755,0.4178150935693612
13.8072223711731,0.4178150935693612
13.741365139390446,0.4178150935693612
13.675507907607788,0.4178150935693612
13.609650675825133,0.4178150935693612
13.543793444042478,0.4178150935693612
13.477936212259824,0.4178150935693612
13.412078980477165,0.4178150935693612
13.34622174869451,0.4178150935693612
13.280364516911856,0.4178150935693612
13.214507285129201,0.4178150935693612
13.148650053346543,0.4178150935693612
13.082792821563888,0.4178150935693612
13.016935589781234,0.4178150935693612
12.951078357998576,0.4178150935693612
12.88522112621592,0.4178150935693612
12.819363894433266,0.4178150935693612
12.753506662650612,0.45074370946068854
12.687649430867953,0.45074370946068854
12.58886358319397,0.45074370946068854
12.523006351411315,0.45074370946068854
12.45714911962866,0.45074370946068854
12.391291887846005,0.45074370946068854
12.325434656063347,0.45074370946068854
12.259577424280693,0.45074370946068854
12.160791576606709,0.45074370946068854
12.094934344824054,0.45074370946068854
12.0290771130414,0.45074370946068854
11.963219881258741,0.45074370946068854
11.897362649476086,0.45074370946068854
11.831505417693432,0.45074370946068854
11.765648185910777,0.45074370946068854
11.699790954128119,0.45074370946068854
11.633933722345464,0.45074370946068854
11.56807649056281,0.45074370946068854
11.502219258780151,0.45074370946068854
11.436362026997497,0.45074370946068854
11.370504795214842,0.45074370946068854
11.304647563432185,0.45074370946068854
11.23879033164953,0.45074370946068854
11.172933099866874,0.45074370946068854
11.10707586808422,0.45074370946068854
11.041218636301563,0.45074370946068854
10.975361404518909,0.45074370946068854
10.909504172736252,0.45074370946068854
10.810718325062268,0.45074370946068854
10.711932477388284,0.45074370946068854
10.64607524560563,0.45074370946068854
10.580218013822973,0.45074370946068854
10.514360782040319,0.4178150935693612
10.448503550257662,0.4178150935693612
10.382646318475008,0.4178150935693612
10.316789086692351,0.4178150935693612
10.250931854909696,0.38488647767803386
10.18507462312704,0.38488647767803386
10.119217391344385,0.38488647767803386
10.053360159561729,0.38488647767803386
9.954574311887745,0.38488647767803386
9.88871708010509,0.38488647767803386
9.789931232431107,0.38488647767803386
9.72407400064845,0.38488647767803386
9.625288152974466,0.38488647767803386
9.526502305300484,0.35195786178670474
9.4277164576265,0.35195786178670474
9.328930609952517,0.35195786178670474
9.230144762278533,0.35195786178670474
9.164287530495878,0.35195786178670474
9.098430298713222,0.35195786178670474
9.032573066930567,0.35195786178670474
8.96671583514791,0.35195786178670474
8.900858603365254,0.35195786178670474
8.8350013715826,0.35195786178670474
8.769144139799943,0.35195786178670474
8.670358292125961,0.35195786178670474
8.604501060343305,0.35195786178670474
8.538643828560648,0.35195786178670474
8.472786596777993,0.35195786178670474
8.406929364995337,0.35195786178670474
8.341072133212682,0.35195786178670474
8.275214901430026,0.35195786178670474
8.209357669647371,0.35195786178670474
8.143500437864715,0.35195786178670474
8.07764320608206,0.35195786178670474
8.011785974299404,0.35195786178670474
7.945928742516749,0.35195786178670474
7.880071510734092,0.35195786178670474
7.781285663060109,0.35195786178670474
7.715428431277454,0.35195786178670474
7.61664258360347,0.35195786178670474
7.550785351820814,0.35195786178670474
7.484928120038159,0.35195786178670474
7.4190708882555025,0.35195786178670474
7.353213656472848,0.38488647767803386
7.287356424690191,0.38488647767803386
7.221499192907537,0.4178150935693612
7.15564196112488,0.4178150935693612
7.089784729342224,0.4178150935693612
7.023927497559569,0.4178150935693612
6.9580702657769145,0.4178150935693612
6.892213033994258,0.4178150935693612
6.8263558022116015,0.4178150935693612
6.760498570428947,0.4178150935693612
6.69464133864629,0.4178150935693612
6.628784106863636,0.4178150935693612
6.562926875080979,0.4178150935693612
6.497069643298325,0.4178150935693612
6.431212411515668,0.4178150935693612
6.365355179733012,0.4178150935693612
6.299497947950357,0.4178150935693612
6.233640716167702,0.4178150935693612
6.167783484385046,0.4178150935693612
6.101926252602389,0.4178150935693612
6.036069020819735,0.4178150935693612
5.970211789037078,0.4178150935693612
5.904354557254424,0.4178150935693612
5.838497325471767,0.4178150935693612
5.7726400936891125,0.4178150935693612
5.706782861906456,0.4178150935693612
5.6409256301237996,0.4178150935693612
5.575068398341145,0.4178150935693612
5.50921116655849,0.4178150935693612
5.443353934775834,0.4178150935693612
5.377496702993177,0.4178150935693612
5.311639471210523,0.4178150935693612
5.245782239427866,0.4178150935693612
5.17992500764521,0.4178150935693612
5.114067775862555,0.4178150935693612
5.0482105440799,0.4178150935693612
4.982353312297244,0.4178150935693612
4.916496080514587,0.4178150935693612
4.850638848731933,0.4178150935693612
4.784781616949278,0.4178150935693612
4.718924385166622,0.4178150935693612
4.653067153383965,0.4178150935693612
4.5872099216013105,0.4178150935693612
4.521352689818654,0.4178150935693612
4.455495458035998,0.4178150935693612
4.389638226253343,0.4178150935693612
4.323780994470688,0.4178150935693612
4.257923762688032,0.4178150935693612
4.192066530905375,0.4178150935693612
4.126209299122721,0.4178150935693612
4.060352067340066,0.4178150935693612
3.9944948355574095,0.4178150935693612
3.928637603774753,0.4178150935693612
3.8627803719920983,0.4178150935693612
3.796923140209442,0.4178150935693612
3.7310659084267854,0.4178150935693612
3.6652086766441307,0.4178150935693612
3.599351444861476,0.4178150935693612
3.5334942130788196,0.4178150935693612
3.434708365404836,0.4178150935693612
3.3688511336221802,0.4178150935693612
3.3029939018395247,0.4178150935693612
3.237136670056869,0.4178150935693612
3.1712794382742135,0.4178150935693612
3.105422206491558,0.4178150935693612
3.0395649747089024,0.4178150935693612
2.973707742926247,0.4178150935693612
2.9078505111435913,0.4178150935693612
2.8419932793609357,0.4178150935693612
2.77613604757828,0.4178150935693612
2.7102788157956237,0.4178150935693612
2.644421584012968,0.4178150935693612
2.5785643522303126,0.4178150935693612
2.512707120447657,0.4178150935693612
2.4468498886650014,0.4178150935693612
2.380992656882346,0.4178150935693612
2.3151354250996903,0.4178150935693612
2.2492781933170347,0.4178150935693612
2.183420961534379,0.45074370946068854
2.1175637297517236,0.45074370946068854
2.051706497969068,0.45074370946068854
1.9858492661864116,0.45074370946068854
1.919992034403756,0.45074370946068854
1.8541348026211004,0.45074370946068854
1.7882775708384449,0.45074370946068854
1.7224203390557893,0.45074370946068854
1.6565631072731346,0.45074370946068854
1.5907058754904781,0.45074370946068854
1.5248486437078217,0.45074370946068854
1.458991411925167,0.45074370946068854
1.3931341801425106,0.45074370946068854
1.3272769483598559,0.45074370946068854
1.2614197165771994,0.45074370946068854
1.1955624847945447,0.45074370946068854
1.1297052530118883,0.45074370946068854
1.0638480212292336,0.45074370946068854
0.9979907894465772,0.45074370946068854
0.9321335576639225,0.45074370946068854
0.866276325881266,0.45074370946068854
0.8004190940986096,0.45074370946068854
0.7345618623159549,0.45074370946068854
0.6357760146419711,0.4178150935693612
0.5699187828593164,0.38488647767803386
0.50406155107666,0.35195786178670474
0.4382043192940035,0.3190292458953774
0.3723470875113488,0.3190292458953774
0.30648985572869236,0.2531720141127227
0.24063262394603768,0.18731478233006627
0.17477539216338123,0.15438616643873893
0.10891816038072655,0.12145755054741159
0.04306092859807009,0.08852893465608247
-0.022796303184584588,0.05560031876475513
