,0,1,2,3,4,5,6,7,8,9,10,11,12,13,14,15,16,17,18,19,20,21,22,23,24,25,26,27,28,29,30,31,32,33,34,35,36,37,38,39,40,41,42,43,44,45,46,47,48,49,50,51,52,53,54,55,56,57,58,59,60,61,62,63,64,65,66,67,68,69,70,71,72,73,74,75,76,77,78,79,80,81,82,83,84,85,86,87,88,89,90,91,92,93,94,95,96,97,98,99,100,101,102,103,104,105,106,107,108,109,110,111,112,113,114,115,116,117,118,119,120,121,122,123,124,125,126,127,128,129,130,131,132,133,134,135,136,137,138,139,140,141,142,143,144,145,146,147,148,149,150,151,152,153,154,155,156,157,158,159,160,161,162,163,164,165,166,167,168,169,170,171,172,173
0,-1,-1,-1,-1,-1,-1,-1,-1,-1,-1,-1,-1,-1,-1,-1,-1,-1,-1,-1,-1,-1,-1,-1,-1,-1,-1,-1,-1,-1,-1,-1,-1,-1,-1,-1,-1,-1,-1,-1,-1,-1,-1,-1,-1,-1,-1,-1,-1,-1,-1,-1,-1,-1,-1,-1,-1,-1,-1,-1,-1,-1,-1,-1,-1,-1,-1,-1,-1,-1,-1,-1,-1,-1,-1,-1,-1,-1,-1,-1,-1,-1,-1,-1,-1,-1,-1,-1,-1,-1,-1,-1,-1,-1,-1,-1,-1,-1,-1,-1,-1,-1,-1,-1,-1,-1,-1,-1,-1,-1,-1,-1,-1,-1,-1,-1,-1,-1,-1,-1,-1,-1,-1,-1,-1,-1,-1,-1,-1,-1,-1,-1,-1,-1,-1,-1,-1,-1,-1,-1,-1,-1,-1,-1,-1,-1,-1,-1,-1,-1,-1,-1,-1,-1,-1,-1,-1,-1,-1,-1,-1,-1,-1,-1,-1,-1,-1,-1,-1,-1,-1,-1,-1,-1,-1
1,-1,-1,-1,-1,-1,-1,-1,-1,-1,-1,-1,-1,-1,-1,-1,-1,-1,-1,-1,-1,-1,-1,-1,-1,-1,-1,-1,-1,-1,-1,-1,-1,-1,-1,-1,-1,-1,-1,-1,-1,-1,-1,-1,-1,-1,-1,-1,-1,-1,-1,-1,-1,-1,-1,-1,-1,-1,-1,-1,-1,-1,-1,-1,-1,-1,-1,-1,-1,-1,-1,-1,-1,-1,-1,-1,-1,-1,-1,-1,-1,-1,-1,-1,-1,-1,-1,-1,-1,-1,-1,-1,-1,-1,-1,-1,-1,-1,-1,-1,-1,-1,-1,-1,-1,-1,-1,-1,-1,-1,-1,-1,-1,-1,-1,-1,-1,-1,-1,-1,-1,-1,-1,-1,-1,-1,-1,-1,-1,-1,-1,-1,-1,-1,-1,-1,-1,-1,-1,-1,-1,-1,-1,-1,-1,-1,-1,30,43,31,35,7,32,-1,-1,-1,-1,-1,-1,-1,-1,-1,-1,-1,-1,-1,-1,-1,-1,-1,-1,-1,-1,-1,-1
2,-1,-1,-1,-1,-1,-1,-1,-1,-1,-1,-1,-1,-1,-1,-1,-1,-1,-1,-1,-1,-1,-1,-1,-1,-1,-1,-1,-1,-1,-1,-1,-1,-1,-1,-1,-1,-1,-1,-1,-1,-1,-1,-1,-1,-1,-1,-1,-1,-1,-1,-1,-1,-1,-1,-1,-1,-1,-1,-1,-1,-1,-1,-1,-1,-1,-1,-1,-1,-1,-1,-1,-1,-1,-1,-1,-1,-1,-1,-1,-1,-1,-1,-1,-1,-1,-1,-1,-1,-1,-1,-1,-1,-1,-1,-1,-1,-1,-1,-1,-1,-1,-1,-1,-1,-1,-1,-1,-1,-1,-1,-1,-1,-1,-1,-1,-1,-1,-1,-1,-1,-1,-1,-1,-1,-1,-1,-1,-1,-1,-1,-1,-1,-1,-1,-1,-1,-1,-1,-1,-1,-1,12,7,2,2,1,34,47,34,38,18,29,45,-1,-1,-1,-1,-1,-1,-1,-1,-1,-1,-1,-1,-1,-1,-1,-1,-1,-1,-1,-1,-1
3,-1,-1,-1,-1,-1,-1,-1,-1,-1,-1,-1,-1,-1,-1,-1,-1,-1,-1,-1,-1,-1,-1,-1,-1,-1,-1,-1,-1,-1,-1,-1,-1,-1,-1,-1,-1,-1,-1,-1,-1,-1,-1,-1,-1,-1,-1,-1,-1,-1,-1,-1,-1,-1,-1,-1,-1,-1,-1,-1,-1,-1,-1,-1,-1,-1,-1,-1,-1,-1,-1,-1,-1,-1,-1,-1,-1,-1,-1,-1,-1,-1,-1,-1,-1,-1,-1,-1,-1,-1,-1,-1,-1,-1,-1,-1,-1,-1,-1,-1,-1,-1,-1,-1,-1,-1,-1,-1,-1,-1,-1,-1,-1,-1,-1,-1,-1,-1,-1,-1,-1,-1,-1,-1,-1,-1,-1,-1,-1,-1,-1,-1,-1,-1,-1,30,21,36,17,8,19,14,13,10,2,3,6,27,28,30,32,20,32,45,-1,-1,-1,-1,-1,-1,-1,-1,-1,-1,-1,-1,-1,-1,-1,-1,-1,-1,-1,-1,-1
4,-1,-1,-1,-1,-1,-1,-1,-1,-1,-1,-1,-1,-1,-1,-1,-1,-1,-1,-1,-1,-1,-1,-1,-1,-1,-1,-1,-1,-1,-1,-1,-1,-1,-1,-1,-1,-1,-1,-1,-1,-1,-1,-1,-1,-1,-1,-1,-1,-1,-1,-1,-1,-1,-1,-1,-1,-1,-1,-1,-1,-1,-1,-1,-1,-1,-1,-1,-1,-1,-1,-1,-1,-1,-1,-1,-1,-1,-1,-1,-1,-1,-1,-1,-1,-1,-1,-1,-1,-1,-1,-1,-1,-1,-1,-1,-1,-1,-1,-1,-1,-1,-1,-1,-1,-1,-1,-1,-1,-1,-1,-1,-1,-1,-1,-1,-1,-1,-1,-1,-1,-1,-1,-1,-1,-1,-1,-1,-1,-1,3,15,16,8,25,36,25,37,16,6,16,12,15,11,3,2,12,29,21,28,29,19,35,37,-1,-1,-1,-1,-1,-1,-1,-1,-1,-1,-1,-1,-1,-1,-1,-1,-1,-1,-1,-1,-1
5,-1,-1,-1,-1,-1,-1,-1,-1,-1,-1,-1,-1,-1,-1,-1,-1,-1,-1,-1,-1,-1,-1,-1,-1,-1,-1,-1,-1,-1,-1,-1,-1,-1,-1,-1,-1,-1,-1,-1,-1,-1,-1,-1,-1,-1,-1,-1,-1,-1,-1,-1,-1,-1,-1,-1,-1,-1,-1,-1,-1,-1,-1,-1,-1,-1,-1,-1,-1,-1,-1,-1,-1,-1,-1,-1,-1,-1,-1,-1,-1,-1,-1,-1,-1,-1,-1,-1,-1,-1,-1,-1,-1,-1,-1,-1,-1,-1,-1,-1,-1,-1,-1,-1,-1,-1,-1,-1,-1,-1,-1,-1,-1,-1,-1,-1,-1,-1,-1,-1,-1,-1,-1,-1,17,17,26,28,7,12,5,14,15,12,22,30,25,31,16,4,14,11,15,11,4,1,15,30,17,21,16,23,32,37,-1,-1,-1,-1,-1,-1,-1,-1,-1,-1,-1,-1,-1,-1,-1,-1,-1,-1,-1,-1,-1
6,-1,-1,-1,-1,-1,-1,-1,-1,-1,-1,-1,-1,-1,-1,-1,-1,-1,-1,-1,-1,-1,-1,-1,-1,-1,-1,-1,-1,-1,-1,-1,-1,-1,-1,-1,-1,-1,-1,-1,-1,-1,-1,-1,-1,-1,-1,-1,-1,-1,-1,-1,-1,-1,-1,-1,-1,-1,-1,-1,-1,-1,-1,-1,-1,-1,-1,-1,-1,-1,-1,-1,-1,-1,-1,-1,-1,-1,-1,-1,-1,-1,-1,-1,-1,-1,-1,-1,-1,-1,-1,-1,-1,-1,-1,-1,-1,-1,-1,-1,-1,-1,-1,-1,-1,-1,-1,-1,-1,-1,-1,-1,-1,-1,-1,4,-1,5,6,4,6,14,19,18,18,18,27,30,8,14,7,13,15,12,21,26,23,26,18,4,15,11,15,11,4,3,13,22,13,15,15,27,28,38,32,-1,-1,-1,-1,-1,-1,-1,-1,-1,-1,-1,-1,-1,-1,-1,-1,-1,-1,-1,-1
7,-1,-1,-1,-1,-1,-1,-1,-1,-1,-1,-1,-1,-1,-1,-1,-1,-1,-1,-1,-1,-1,-1,-1,-1,-1,-1,-1,-1,-1,-1,-1,-1,-1,-1,-1,-1,-1,-1,-1,-1,-1,-1,-1,-1,-1,-1,-1,-1,-1,-1,-1,-1,-1,-1,-1,-1,-1,-1,-1,-1,-1,-1,-1,-1,-1,-1,-1,-1,-1,-1,-1,-1,-1,-1,-1,-1,-1,-1,-1,-1,-1,-1,-1,-1,-1,-1,-1,-1,-1,-1,-1,-1,-1,-1,-1,-1,-1,-1,-1,-1,-1,-1,-1,-1,-1,-1,-1,-1,-1,-1,7,5,4,1,5,5,6,6,5,5,13,16,15,15,17,26,28,8,12,7,13,15,12,21,21,19,14,18,9,14,11,15,12,5,6,15,19,14,14,15,23,24,46,50,-1,-1,-1,-1,-1,-1,-1,-1,-1,-1,-1,-1,-1,-1,-1,-1,-1,-1,-1,-1
8,-1,-1,-1,-1,-1,-1,-1,-1,-1,-1,-1,-1,-1,-1,-1,-1,-1,-1,-1,-1,-1,-1,-1,-1,-1,-1,-1,-1,-1,-1,-1,-1,-1,-1,-1,-1,-1,-1,-1,-1,-1,-1,-1,-1,-1,-1,-1,-1,-1,-1,-1,-1,-1,-1,-1,-1,-1,-1,-1,-1,-1,-1,-1,-1,-1,-1,-1,-1,-1,-1,-1,-1,-1,-1,-1,-1,-1,-1,-1,-1,-1,-1,-1,-1,-1,-1,-1,-1,-1,-1,-1,-1,-1,-1,-1,-1,-1,-1,-1,-1,-1,-1,8,2,-1,3,5,2,2,6,12,5,5,3,6,5,5,5,5,6,12,14,12,13,14,29,29,9,14,6,14,17,9,21,16,18,11,17,12,13,7,22,21,9,6,15,20,14,14,17,25,28,66,54,-1,-1,-1,-1,-1,-1,-1,-1,-1,-1,-1,-1,-1,-1,-1,-1,-1,-1,-1,-1
9,-1,-1,-1,-1,-1,-1,-1,-1,-1,-1,-1,-1,-1,-1,-1,-1,-1,-1,-1,-1,-1,-1,-1,-1,-1,-1,-1,-1,-1,-1,-1,-1,-1,-1,-1,-1,-1,-1,-1,-1,-1,-1,-1,-1,-1,-1,-1,-1,-1,-1,-1,-1,-1,-1,-1,-1,-1,-1,-1,-1,-1,-1,-1,-1,-1,-1,-1,-1,-1,-1,-1,-1,-1,-1,-1,-1,-1,-1,-1,-1,-1,-1,-1,-1,-1,-1,-1,-1,-1,-1,-1,-1,-1,-1,-1,-1,7,25,10,30,10,12,11,5,5,3,3,5,4,5,5,8,6,6,6,4,4,4,7,5,10,10,13,14,13,28,29,8,13,5,16,18,12,12,13,20,11,19,23,15,20,29,25,10,4,7,17,13,18,20,38,33,65,24,-1,-1,-1,-1,-1,-1,-1,-1,-1,-1,-1,-1,-1,-1,-1,-1,-1,-1,-1,-1
10,-1,-1,-1,-1,-1,-1,-1,-1,-1,-1,-1,-1,-1,-1,-1,-1,-1,-1,-1,-1,-1,-1,-1,-1,-1,-1,-1,-1,-1,-1,-1,-1,-1,-1,-1,-1,-1,-1,-1,-1,-1,-1,-1,-1,-1,-1,-1,-1,-1,-1,-1,-1,-1,-1,-1,-1,-1,-1,-1,-1,-1,-1,-1,-1,-1,-1,-1,-1,-1,-1,-1,-1,-1,-1,-1,-1,-1,-1,-1,-1,-1,-1,-1,-1,-1,-1,-1,-1,-1,-1,-1,4,13,7,16,16,3,19,13,33,12,5,4,1,4,3,7,9,7,16,16,7,7,2,7,8,8,7,6,7,7,14,13,16,15,27,35,13,4,4,16,8,22,17,19,25,20,28,40,37,32,33,32,23,23,29,22,27,30,8,31,12,27,27,-1,-1,-1,-1,-1,-1,-1,-1,-1,-1,-1,-1,-1,-1,-1,-1,-1,-1,-1,-1
11,-1,-1,-1,-1,-1,-1,-1,-1,-1,-1,-1,-1,-1,-1,-1,-1,-1,-1,-1,-1,-1,-1,-1,-1,-1,-1,-1,-1,-1,-1,-1,-1,-1,-1,-1,-1,-1,-1,-1,-1,-1,-1,-1,-1,-1,-1,-1,-1,-1,-1,-1,-1,-1,-1,-1,-1,-1,-1,-1,-1,-1,-1,-1,-1,-1,-1,-1,-1,-1,-1,-1,-1,-1,-1,-1,-1,-1,-1,-1,-1,-1,-1,-1,-1,6,5,9,12,21,19,14,6,9,8,14,14,4,18,14,28,28,19,11,6,10,17,20,16,14,23,14,10,12,17,8,4,2,9,18,9,9,24,35,24,14,32,40,26,9,4,3,10,16,10,15,24,33,38,39,37,46,66,75,76,78,86,84,80,77,56,41,35,11,29,28,-1,-1,-1,-1,-1,-1,-1,-1,-1,-1,-1,-1,-1,-1,-1,-1,-1,-1,-1
12,-1,-1,-1,-1,-1,-1,-1,-1,-1,-1,-1,-1,-1,-1,-1,-1,-1,-1,-1,-1,-1,-1,-1,-1,-1,-1,-1,-1,-1,-1,-1,-1,-1,-1,-1,-1,-1,-1,-1,-1,-1,-1,-1,-1,-1,-1,-1,-1,-1,-1,-1,-1,-1,-1,-1,-1,-1,-1,-1,-1,-1,-1,-1,-1,-1,-1,-1,-1,-1,-1,-1,-1,-1,-1,-1,-1,-1,-1,10,4,4,8,8,6,5,10,17,15,15,16,15,11,8,14,5,14,8,15,20,19,33,30,18,11,19,24,26,39,44,34,24,21,18,25,45,50,31,3,21,13,23,14,30,22,15,18,17,15,17,8,7,17,19,19,23,29,56,58,51,52,68,91,99,99,99,99,99,96,99,99,99,92,46,17,34,-1,-1,-1,-1,-1,-1,-1,-1,-1,-1,-1,-1,-1,-1,-1,-1,-1,-1,-1
13,-1,-1,-1,-1,-1,-1,-1,-1,-1,-1,-1,-1,-1,-1,-1,-1,-1,-1,-1,-1,-1,-1,-1,-1,-1,-1,-1,-1,-1,-1,-1,-1,-1,-1,-1,-1,-1,-1,-1,-1,-1,-1,-1,-1,-1,-1,-1,-1,-1,-1,-1,-1,-1,-1,-1,-1,-1,-1,-1,-1,-1,-1,-1,-1,-1,-1,-1,-1,-1,-1,-1,-1,-1,99,99,85,63,50,35,17,6,6,6,5,6,14,24,28,18,8,11,13,9,6,4,3,2,8,13,9,18,22,22,19,21,17,19,51,70,63,64,59,37,27,51,78,55,17,11,20,33,27,27,19,19,44,32,19,12,20,18,3,11,23,33,61,88,91,88,79,68,78,82,69,70,75,71,66,99,99,99,92,83,98,99,-1,-1,-1,-1,-1,-1,-1,-1,-1,-1,-1,-1,-1,-1,-1,-1,-1,-1,-1
14,-1,-1,-1,-1,-1,-1,-1,-1,-1,-1,-1,-1,-1,-1,-1,-1,-1,-1,-1,-1,-1,-1,-1,-1,-1,-1,-1,-1,-1,-1,-1,-1,-1,-1,-1,-1,-1,-1,-1,-1,-1,-1,-1,-1,-1,-1,-1,-1,-1,-1,-1,-1,-1,-1,-1,-1,-1,-1,-1,-1,-1,-1,-1,-1,-1,-1,99,99,99,100,100,100,99,99,99,99,52,62,77,49,20,10,8,9,7,9,18,17,13,12,19,25,8,19,5,15,8,5,6,18,19,19,36,37,40,50,51,54,67,83,87,75,72,46,49,39,64,59,46,40,40,42,46,33,16,45,15,49,52,58,58,52,61,66,68,81,96,99,99,88,70,66,75,77,99,99,99,99,100,99,99,99,89,99,99,-1,-1,-1,-1,-1,-1,-1,-1,-1,-1,-1,-1,-1,-1,-1,-1,-1,-1,-1
15,-1,-1,-1,-1,-1,-1,-1,-1,-1,-1,-1,-1,-1,-1,-1,-1,-1,-1,-1,-1,-1,-1,-1,-1,-1,-1,-1,-1,-1,-1,-1,-1,-1,-1,-1,-1,-1,-1,-1,-1,-1,-1,-1,-1,-1,-1,-1,-1,-1,-1,-1,-1,-1,-1,-1,-1,-1,-1,-1,-1,17,27,23,42,52,80,99,99,99,100,100,100,100,100,99,99,56,52,72,73,51,23,16,16,14,7,8,9,19,23,15,10,11,10,7,4,10,15,5,20,15,38,59,64,80,94,81,62,69,89,94,97,99,91,46,45,87,99,88,58,42,51,56,42,14,14,54,78,80,86,81,69,80,87,85,85,99,99,100,99,99,99,99,99,100,100,100,100,100,100,100,100,99,99,99,99,-1,-1,-1,-1,-1,-1,-1,-1,-1,-1,-1,-1,-1,-1,-1,-1,-1,-1
16,-1,-1,-1,-1,-1,-1,-1,-1,-1,-1,-1,-1,-1,-1,-1,-1,-1,-1,-1,-1,-1,-1,-1,-1,-1,-1,-1,-1,-1,-1,-1,-1,-1,-1,-1,-1,-1,-1,-1,-1,-1,-1,-1,-1,-1,-1,-1,-1,-1,-1,-1,-1,-1,-1,-1,12,32,58,44,38,39,22,24,56,73,70,83,69,99,99,99,100,100,100,100,99,96,60,66,65,81,52,30,20,19,14,10,20,14,20,26,21,5,13,5,14,13,11,11,16,35,61,78,92,99,99,99,99,99,99,99,99,99,99,99,99,99,99,99,76,61,75,81,60,34,47,75,77,69,77,83,80,95,99,99,99,100,100,100,100,100,100,100,100,100,100,100,100,100,100,100,100,100,100,100,100,-1,-1,-1,-1,-1,-1,-1,-1,-1,-1,-1,-1,-1,-1,-1,-1,-1,-1
17,-1,-1,-1,-1,-1,-1,-1,-1,-1,-1,-1,-1,-1,-1,-1,-1,-1,-1,-1,-1,-1,-1,-1,-1,-1,-1,-1,-1,-1,-1,-1,-1,-1,-1,-1,-1,-1,-1,-1,-1,-1,-1,-1,-1,-1,-1,-1,-1,34,99,95,45,33,38,35,37,32,42,64,29,63,35,30,63,74,66,80,97,66,99,99,99,99,100,100,100,99,74,72,52,77,65,49,31,20,9,17,26,18,19,20,8,9,7,14,10,5,10,25,46,64,71,83,99,99,100,100,100,100,100,100,100,100,100,100,100,100,100,99,99,99,99,99,83,61,68,81,74,64,78,99,99,99,100,100,100,100,100,100,100,100,100,100,99,99,100,100,100,100,100,100,100,100,100,100,100,-1,-1,-1,-1,-1,-1,-1,-1,-1,-1,-1,-1,-1,-1,-1,-1,-1,-1
18,-1,-1,-1,-1,-1,-1,-1,-1,-1,-1,-1,-1,-1,-1,-1,-1,-1,-1,-1,-1,-1,-1,-1,-1,-1,-1,-1,-1,-1,-1,-1,-1,-1,-1,-1,-1,-1,-1,-1,-1,-1,-1,11,20,10,23,25,43,58,49,45,22,61,71,31,27,15,13,53,41,85,56,30,31,27,38,34,66,87,54,91,99,99,99,99,100,100,99,99,66,58,70,69,47,20,9,16,19,11,18,15,11,10,22,20,11,16,29,46,68,82,99,99,100,100,100,100,100,100,100,100,100,100,100,100,100,100,100,100,100,100,100,99,99,89,77,83,80,99,99,99,100,100,100,100,100,100,100,99,99,99,99,99,99,99,99,99,99,99,100,100,100,100,100,100,100,-1,-1,-1,-1,-1,-1,-1,-1,-1,-1,-1,-1,-1,-1,-1,-1,-1,-1
19,-1,-1,-1,-1,-1,-1,-1,-1,-1,-1,-1,-1,-1,-1,-1,-1,-1,-1,-1,-1,-1,-1,-1,-1,-1,-1,-1,-1,-1,-1,-1,-1,-1,-1,-1,-1,47,48,39,27,18,31,80,40,33,12,31,38,94,72,55,58,73,67,56,63,16,55,85,37,80,67,37,38,46,39,37,31,59,62,50,69,99,99,99,99,99,100,100,99,99,71,80,62,33,14,10,12,13,11,7,10,10,20,19,23,44,63,76,93,99,100,100,100,100,100,100,99,99,99,99,99,99,99,99,99,99,100,100,100,100,100,100,99,99,99,99,99,100,100,100,100,100,100,99,99,99,99,99,100,100,100,100,100,100,100,100,100,100,100,99,99,99,99,99,99,99,-1,-1,-1,-1,-1,-1,-1,-1,-1,-1,-1,-1,-1,-1,-1,-1,-1
20,-1,-1,-1,-1,-1,-1,-1,-1,-1,-1,-1,-1,-1,-1,-1,-1,-1,-1,-1,-1,-1,-1,-1,-1,-1,-1,-1,-1,40,-1,48,56,39,29,29,31,41,46,43,29,42,64,99,53,45,99,99,43,99,64,76,70,35,29,72,86,28,99,99,43,62,54,45,33,40,33,31,46,32,70,60,65,58,63,99,99,99,99,99,100,100,99,89,82,57,30,21,20,17,12,10,12,12,14,21,44,74,90,99,99,100,100,100,100,100,99,99,99,99,96,90,99,99,99,99,99,99,99,99,100,100,100,100,99,99,100,100,100,100,100,100,100,99,99,99,99,100,100,100,100,100,100,100,100,100,100,100,100,100,100,100,100,100,100,99,99,99,-1,-1,-1,-1,-1,-1,-1,-1,-1,-1,-1,-1,-1,-1,-1,-1,-1
21,-1,-1,-1,-1,-1,-1,-1,-1,-1,-1,-1,-1,-1,-1,-1,-1,-1,-1,-1,-1,-1,74,-1,48,28,32,52,49,33,27,33,38,37,38,38,32,31,41,42,25,61,42,63,55,65,81,80,63,73,35,40,26,35,38,18,21,42,99,72,67,42,26,29,23,26,42,42,33,37,48,89,76,54,91,88,62,99,99,99,99,100,100,99,99,71,33,20,23,24,18,19,22,15,12,27,64,87,84,89,81,99,99,100,99,99,99,62,47,69,99,99,99,99,99,66,65,99,99,99,99,99,100,100,100,100,100,100,99,99,99,99,99,100,100,100,100,100,100,100,100,100,100,100,100,100,100,100,100,100,100,100,100,100,100,100,100,100,-1,-1,-1,-1,-1,-1,-1,-1,-1,-1,-1,-1,-1,-1,-1,-1,-1
22,-1,-1,-1,-1,-1,-1,-1,-1,-1,-1,-1,-1,-1,-1,-1,-1,-1,65,92,60,50,74,46,79,56,27,40,33,21,23,25,21,25,31,32,25,26,31,29,30,52,60,54,61,65,62,67,66,39,34,44,56,24,11,42,61,63,58,99,74,25,26,24,29,36,45,50,35,35,27,47,62,83,99,99,99,87,99,99,99,99,100,100,99,75,34,14,18,20,13,16,21,21,26,46,81,82,63,99,99,57,99,99,99,99,46,94,74,74,91,89,92,99,99,99,99,99,88,99,99,99,99,99,99,99,99,99,99,99,99,100,100,100,100,100,100,100,100,100,100,100,99,99,99,99,99,99,99,99,99,99,100,100,100,100,100,100,-1,-1,-1,-1,-1,-1,-1,-1,-1,-1,-1,-1,-1,-1,-1,-1,-1
23,-1,-1,-1,-1,-1,-1,-1,-1,-1,-1,62,-1,33,21,28,47,53,68,67,74,99,65,78,93,68,43,37,28,20,26,24,21,27,32,28,33,36,23,20,25,30,28,18,23,40,51,49,34,37,56,47,96,66,32,40,59,69,77,99,58,20,31,23,35,33,29,33,27,32,33,40,37,37,73,61,44,87,99,81,99,99,99,99,84,82,43,15,10,18,22,17,20,15,40,73,93,77,99,100,100,99,99,99,99,89,99,99,80,64,67,59,52,80,98,99,99,99,99,99,60,99,99,99,99,99,99,99,99,100,100,100,100,100,100,100,100,100,99,99,99,99,97,99,99,82,99,99,71,81,99,99,99,99,99,99,99,99,74,-1,-1,-1,-1,-1,-1,-1,-1,-1,-1,-1,-1,-1,-1,-1,-1
24,-1,-1,-1,28,-1,18,17,24,50,92,73,36,29,30,39,57,74,71,45,99,99,49,80,58,31,23,30,22,17,16,22,24,24,28,30,43,39,19,21,14,15,15,10,15,19,23,10,18,59,91,62,75,79,50,30,47,72,53,87,35,31,14,34,39,33,30,26,31,30,28,39,52,39,24,25,29,25,59,40,99,99,99,99,73,89,47,17,10,20,21,20,28,27,39,83,99,97,99,100,100,100,99,60,20,53,92,78,44,30,32,38,43,48,56,57,58,99,99,99,99,99,58,76,59,99,100,99,99,99,99,99,99,99,99,99,99,99,99,99,90,79,74,72,43,28,58,68,62,69,88,97,99,99,87,87,81,45,47,-1,-1,-1,-1,-1,-1,-1,-1,-1,-1,-1,-1,-1,-1,-1,-1
25,-1,40,52,49,23,14,15,35,68,99,84,47,36,58,54,55,69,38,99,99,79,47,49,13,13,17,6,19,23,12,15,23,38,37,39,50,41,18,17,18,14,14,16,30,16,12,15,10,50,76,70,39,64,59,39,72,99,43,77,54,23,37,17,40,46,33,30,25,32,34,43,35,36,47,56,54,49,31,48,99,99,100,100,99,82,32,9,6,7,14,16,20,12,45,78,99,99,100,100,100,99,99,99,39,78,64,29,58,66,58,60,87,95,99,99,99,76,51,79,83,97,99,99,66,99,99,99,87,41,83,94,53,99,60,91,85,61,59,66,58,49,47,46,37,36,42,41,43,41,43,50,59,62,46,47,49,43,50,-1,-1,-1,-1,-1,-1,-1,-1,-1,-1,-1,-1,-1,-1,-1,-1
26,-1,27,43,47,16,30,22,40,73,99,92,45,40,59,43,74,73,87,99,99,51,91,46,8,18,25,18,8,14,23,42,23,43,49,34,35,31,15,14,21,15,20,21,36,23,9,12,11,19,31,43,43,38,35,42,99,96,57,85,70,29,74,59,33,20,35,30,50,35,46,56,60,56,45,69,75,81,72,54,62,99,100,99,92,57,6,18,14,7,15,8,10,28,59,79,99,100,100,100,99,99,29,99,67,47,34,68,93,99,99,99,99,99,99,99,99,99,99,76,36,65,87,94,74,99,86,99,36,35,21,82,99,99,99,99,94,47,31,46,44,32,29,30,34,42,38,23,6,6,13,23,28,23,17,28,38,49,64,-1,-1,-1,-1,-1,-1,-1,-1,-1,-1,-1,-1,-1,-1,-1,-1
27,-1,34,32,16,19,19,19,41,55,57,51,50,49,57,99,99,98,77,99,99,69,88,46,20,8,16,19,19,14,15,32,35,15,31,17,10,11,9,10,12,22,29,12,21,14,11,14,19,14,16,24,25,30,55,46,62,33,68,32,29,44,19,21,43,19,29,41,60,38,38,57,66,68,56,37,57,72,76,51,98,99,99,99,80,26,17,9,18,13,20,12,22,42,70,97,99,100,100,100,99,99,99,99,52,34,70,99,99,99,99,99,99,99,99,99,99,99,99,99,90,48,69,96,99,99,99,64,56,67,76,99,99,100,100,99,93,55,36,39,34,20,14,13,13,20,24,9,14,4,6,14,14,3,5,21,26,30,41,-1,-1,-1,-1,-1,-1,-1,-1,-1,-1,-1,-1,-1,-1,-1,-1
28,-1,21,22,14,7,3,15,40,36,86,93,57,50,98,99,99,47,78,51,36,48,41,24,18,20,21,12,18,17,16,16,26,29,14,8,9,9,9,13,19,25,29,22,16,10,11,14,22,17,13,16,27,22,17,48,56,52,28,34,11,45,50,44,45,44,14,5,13,30,16,60,64,56,30,29,35,55,69,44,86,99,99,82,44,3,14,6,8,24,15,17,37,58,74,99,100,100,100,99,99,82,99,69,48,89,99,99,99,100,100,100,100,100,100,100,100,99,99,99,99,99,65,67,99,99,99,47,99,99,99,99,100,100,100,99,68,42,30,28,23,11,6,6,4,9,14,9,6,10,4,11,10,7,6,16,18,12,7,-1,-1,-1,-1,-1,-1,-1,-1,-1,-1,-1,-1,-1,-1,-1,-1
29,-1,7,11,11,3,8,24,53,41,89,95,61,60,92,99,99,94,99,61,17,25,15,8,7,17,25,18,12,16,12,21,18,16,15,8,12,10,10,14,17,16,16,16,13,4,11,10,20,18,11,12,24,20,44,27,49,29,19,12,13,14,9,8,25,32,37,47,43,92,41,63,54,31,67,54,29,82,91,44,66,72,62,42,13,13,5,7,22,19,10,23,55,68,65,65,99,100,99,99,99,39,99,43,99,99,99,100,100,100,100,100,100,100,100,100,100,100,100,99,99,99,96,57,68,89,99,58,99,99,86,89,99,99,99,74,42,24,18,20,17,5,6,7,5,8,15,8,9,6,7,18,12,12,15,14,22,28,26,29,-1,-1,-1,-1,-1,-1,-1,-1,-1,-1,-1,-1,-1,-1,-1
30,-1,-1,12,14,4,25,41,54,40,69,82,93,93,62,99,99,91,99,29,33,38,25,13,9,4,10,13,8,9,20,24,29,24,8,4,8,9,5,7,9,6,0,5,12,6,8,6,10,14,15,14,13,7,12,20,20,10,16,26,16,14,24,6,15,8,16,17,28,52,16,46,36,26,39,39,43,83,81,37,56,56,37,13,5,4,5,19,16,12,18,38,66,62,51,73,99,99,86,99,36,82,26,90,99,99,100,100,100,100,100,100,100,100,100,100,100,100,100,100,99,99,99,79,74,88,99,99,96,72,95,99,99,97,76,46,24,16,11,14,16,6,6,15,13,15,22,12,15,8,7,14,5,24,26,23,33,57,65,56,-1,-1,-1,-1,-1,-1,-1,-1,-1,-1,-1,-1,-1,-1,-1
31,-1,-1,16,9,10,32,47,24,62,58,79,99,93,63,67,52,70,44,14,12,19,18,13,9,11,8,8,9,12,21,21,18,10,10,9,11,12,6,7,6,3,12,8,11,7,6,6,8,5,9,6,4,17,20,10,7,6,7,15,16,12,19,7,10,7,17,26,21,33,30,19,21,32,47,44,33,30,34,43,53,43,14,7,2,4,19,21,8,16,20,47,69,58,56,75,87,65,99,99,11,86,67,99,99,100,100,100,100,100,100,100,100,100,100,100,100,100,100,100,100,99,99,99,93,99,99,99,99,99,98,87,83,76,59,37,19,8,12,8,15,17,27,34,27,26,27,16,10,6,4,7,14,35,42,38,39,48,56,82,-1,-1,-1,-1,-1,-1,-1,-1,-1,-1,-1,-1,-1,-1,-1
32,-1,-1,18,18,20,18,19,37,37,45,42,83,34,99,99,86,37,15,17,12,12,8,15,14,5,6,4,8,10,13,18,14,13,25,16,11,10,11,12,14,8,17,18,8,8,10,5,4,5,5,9,8,10,12,4,3,4,9,16,17,6,15,9,7,5,14,10,14,22,6,7,9,24,39,41,45,52,46,36,28,16,2,2,8,7,18,11,11,7,19,50,66,61,54,81,86,85,99,99,22,18,99,99,100,100,100,100,100,100,100,100,100,100,100,100,100,100,100,100,100,99,99,99,99,100,100,99,99,99,99,75,71,72,66,52,37,25,16,16,22,30,43,45,38,39,35,30,29,20,22,39,68,78,51,55,76,66,60,99,-1,-1,-1,-1,-1,-1,-1,-1,-1,-1,-1,-1,-1,-1,-1
33,-1,-1,-1,13,18,11,32,19,61,75,52,24,39,55,50,35,14,16,17,13,7,6,5,7,10,4,12,4,12,11,16,20,9,15,14,10,7,13,17,22,16,11,12,7,13,10,11,10,6,4,13,9,11,14,5,7,7,11,16,8,13,13,6,5,5,10,6,10,7,8,3,10,14,19,25,26,18,8,6,8,4,7,2,8,10,11,8,19,11,19,44,55,56,62,99,99,99,46,82,29,99,99,99,100,100,100,100,100,100,100,100,100,99,99,100,100,100,100,100,100,100,99,99,99,100,100,100,99,99,99,86,78,78,80,71,66,65,54,43,46,46,40,43,55,63,61,71,83,68,68,97,99,99,67,69,99,99,99,100,-1,-1,-1,-1,-1,-1,-1,-1,-1,-1,-1,-1,-1,-1,-1
34,-1,-1,5,2,7,12,28,42,38,31,22,12,7,6,8,10,11,16,20,10,19,16,8,4,4,7,14,3,12,6,6,13,13,13,12,12,16,17,24,32,26,15,19,20,8,10,16,14,12,2,13,12,9,11,2,10,9,5,7,4,12,7,3,4,10,12,6,8,13,10,9,2,15,14,7,7,16,19,7,9,9,6,20,22,9,15,9,11,9,18,29,44,53,67,99,99,93,72,67,99,99,99,100,100,100,100,100,100,100,100,99,99,99,99,99,100,100,100,100,100,100,99,99,99,100,100,100,100,99,99,99,68,68,79,70,72,95,93,75,72,57,37,39,74,80,82,99,99,99,94,99,99,99,96,91,99,100,100,100,100,-1,-1,-1,-1,-1,-1,-1,-1,-1,-1,-1,-1,-1,-1
35,-1,-1,-1,3,4,21,46,35,28,27,15,12,10,7,5,8,8,16,24,11,26,22,9,8,11,12,8,4,14,12,12,13,17,30,34,28,30,38,51,56,48,43,31,13,13,24,31,41,39,14,12,14,5,8,3,6,4,3,2,2,3,8,3,3,5,9,10,17,13,8,16,26,33,18,19,25,18,11,6,3,13,23,26,18,9,12,4,13,15,27,31,41,49,65,85,74,65,74,79,99,99,99,100,100,100,100,100,100,100,99,99,99,99,99,99,100,100,100,100,100,100,100,99,99,99,100,100,100,99,99,99,62,76,64,66,61,88,99,96,88,67,38,54,76,73,86,99,99,89,88,76,78,76,71,99,100,100,100,100,100,-1,-1,-1,-1,-1,-1,-1,-1,-1,-1,-1,-1,-1,-1
36,-1,-1,-1,3,8,24,36,19,28,18,8,8,10,6,5,8,9,13,18,10,20,10,14,9,14,6,26,22,16,15,34,26,42,66,61,52,60,76,82,77,70,73,35,50,29,43,47,32,24,21,5,8,7,5,6,8,6,3,3,3,9,13,5,6,9,4,18,10,12,22,16,6,10,15,19,18,12,6,17,26,28,19,14,11,13,9,20,29,20,43,43,47,55,51,60,80,82,65,79,99,99,99,100,100,100,100,100,100,99,99,60,31,41,75,99,99,100,100,100,100,100,100,99,99,99,100,100,100,99,98,83,95,99,86,79,70,71,92,99,89,79,80,87,82,77,99,99,99,99,99,99,99,99,99,100,100,100,100,100,99,-1,-1,-1,-1,-1,-1,-1,-1,-1,-1,-1,-1,-1,-1
37,-1,-1,-1,4,11,26,25,20,18,6,8,7,8,3,3,4,6,15,20,7,6,18,21,13,7,28,83,76,22,19,49,53,81,99,98,98,99,99,99,98,97,94,68,34,43,67,43,66,67,28,32,10,8,12,7,5,3,4,4,5,4,11,8,7,7,3,12,31,11,28,21,9,8,15,19,10,10,16,19,23,22,13,15,14,14,19,38,41,16,36,36,46,74,89,89,89,77,69,74,99,99,99,100,100,100,100,100,99,99,96,29,19,5,41,74,99,99,100,100,100,100,100,100,99,99,99,100,99,75,81,71,90,99,99,92,69,74,79,99,98,83,93,99,99,99,100,100,100,100,100,100,100,100,100,100,100,100,99,99,99,-1,-1,-1,-1,-1,-1,-1,-1,-1,-1,-1,-1,-1,-1
38,-1,-1,-1,-1,16,24,16,25,12,12,10,4,5,2,2,1,4,7,16,9,1,12,17,11,20,51,59,39,42,88,91,94,99,93,95,90,86,84,77,90,99,99,99,99,99,88,62,31,21,58,45,24,17,9,5,7,9,6,3,3,5,5,8,2,2,13,35,15,30,20,15,28,23,23,9,24,17,7,9,17,19,15,14,16,15,22,36,36,15,17,16,32,71,95,80,70,74,66,99,99,99,100,100,100,100,100,100,99,51,58,34,10,3,30,47,80,99,99,100,100,100,100,100,99,99,99,99,85,60,54,68,60,99,99,99,72,62,66,90,99,80,99,99,100,100,100,100,100,100,100,100,100,99,99,99,99,99,100,100,100,100,-1,-1,-1,-1,-1,-1,-1,-1,-1,-1,-1,-1,-1
39,-1,-1,-1,-1,15,20,13,25,13,10,7,3,3,2,4,5,5,9,6,3,8,10,5,4,39,80,99,99,85,99,99,94,77,85,99,99,99,99,99,99,98,72,99,99,99,99,99,99,99,87,58,52,54,44,32,20,9,7,9,2,6,3,7,7,7,20,11,33,6,33,26,12,22,27,41,48,30,14,18,21,21,21,18,23,32,26,16,16,19,15,7,15,45,58,44,45,52,99,100,100,99,100,100,100,100,100,100,99,46,54,49,29,20,22,39,82,99,99,100,100,100,100,100,99,99,99,88,84,41,40,77,43,99,99,99,98,85,72,63,75,99,100,100,100,100,99,99,99,99,99,99,99,99,99,99,100,100,100,100,100,100,-1,-1,-1,-1,-1,-1,-1,-1,-1,-1,-1,-1,-1
40,-1,-1,-1,-1,14,20,17,31,22,7,4,3,3,3,8,14,8,9,11,6,9,19,14,6,52,99,49,99,91,99,74,99,99,99,99,99,99,99,99,99,99,99,81,77,78,74,89,99,99,93,89,91,83,70,61,49,31,21,15,5,6,5,6,3,16,15,33,6,26,6,38,44,40,43,51,55,40,28,37,47,44,35,32,36,39,35,26,23,25,17,8,6,21,32,46,55,60,99,100,100,100,100,100,100,100,100,99,99,75,42,37,35,17,14,33,90,99,100,100,100,100,100,100,99,99,99,69,73,78,85,82,56,99,99,92,84,60,47,78,90,75,99,99,99,99,99,99,99,100,100,100,100,100,100,100,100,100,100,100,99,99,-1,-1,-1,-1,-1,-1,-1,-1,-1,-1,-1,-1,-1
41,-1,-1,-1,-1,18,21,15,27,18,5,4,4,3,7,12,14,9,7,8,2,7,13,7,17,49,99,99,75,44,89,99,99,99,87,61,55,59,63,72,77,81,79,94,99,99,99,99,86,82,74,99,99,99,74,60,68,62,48,32,14,1,2,2,14,8,29,9,22,7,39,54,54,43,42,44,43,38,30,35,52,57,49,47,52,48,35,20,12,14,10,10,7,9,26,58,64,45,57,99,100,100,100,100,100,100,100,99,87,48,17,11,14,24,17,41,93,99,100,100,100,100,100,99,99,99,98,71,83,99,99,70,82,91,72,47,38,33,99,99,99,99,99,99,99,99,100,100,100,100,100,100,100,100,99,99,100,100,100,99,99,70,-1,-1,-1,-1,-1,-1,-1,-1,-1,-1,-1,-1,-1
42,-1,-1,-1,-1,-1,19,11,20,9,4,5,6,8,7,5,6,6,3,2,3,10,5,24,34,46,79,99,99,72,99,99,83,45,44,49,43,41,29,19,32,33,29,63,99,99,99,99,99,99,99,100,100,99,87,71,89,83,64,46,22,5,2,2,10,15,16,11,17,38,26,44,35,48,46,55,54,56,58,56,62,66,56,55,64,55,36,24,12,9,10,6,9,12,16,32,40,47,62,92,99,100,100,100,100,100,99,99,68,36,14,13,15,13,32,81,99,100,100,100,100,100,100,99,99,99,68,90,99,99,99,79,88,99,69,17,16,75,99,99,99,99,99,100,100,100,100,100,99,99,99,99,99,99,78,75,99,99,99,99,77,51,57,-1,-1,-1,-1,-1,-1,-1,-1,-1,-1,-1,-1
43,-1,-1,-1,-1,-1,21,10,18,6,5,10,8,7,9,7,6,6,2,3,4,15,8,29,45,54,80,93,67,99,99,70,33,13,22,66,36,5,13,13,7,8,13,23,52,52,64,80,84,93,99,99,100,100,99,99,99,92,71,53,27,9,5,5,12,11,5,9,17,23,37,59,25,65,77,85,72,67,90,99,99,88,67,61,70,62,44,41,37,29,21,15,8,7,13,11,19,31,38,66,89,99,99,99,99,99,99,99,78,49,29,26,37,53,78,99,99,100,100,100,100,100,100,99,99,99,71,86,92,99,99,91,80,99,71,12,65,79,99,99,100,100,100,100,100,99,99,99,99,92,83,93,93,61,35,37,46,94,99,99,99,71,51,-1,-1,-1,-1,-1,-1,-1,-1,-1,-1,-1,-1
44,-1,-1,-1,-1,-1,26,13,17,8,8,10,5,2,1,1,6,13,11,2,4,15,15,12,45,71,93,77,99,99,68,27,8,26,20,26,19,39,21,36,29,58,44,20,6,6,3,7,46,99,99,99,99,99,99,100,100,99,90,69,47,24,7,15,16,5,7,16,15,18,34,44,69,93,91,64,99,99,99,100,99,99,92,73,69,67,56,54,60,52,34,20,13,9,5,11,12,20,27,38,57,82,99,99,89,93,99,99,97,84,77,90,99,99,99,99,100,100,100,100,100,100,100,99,99,82,69,70,79,95,98,99,75,84,61,57,98,99,99,100,100,100,99,99,99,99,75,61,49,30,36,66,48,21,47,41,59,70,76,99,99,78,39,-1,-1,-1,-1,-1,-1,-1,-1,-1,-1,-1,-1
45,-1,-1,-1,-1,-1,33,14,19,8,4,3,4,3,9,8,5,11,5,13,9,10,14,10,44,80,99,70,99,99,41,19,31,21,7,22,50,46,35,36,52,63,49,48,35,24,33,51,25,99,78,54,94,99,99,99,100,100,99,89,81,49,11,19,10,9,13,51,56,32,48,89,99,85,93,99,99,99,99,100,100,99,99,85,61,56,59,56,55,53,42,25,11,5,16,14,11,23,30,21,22,38,55,63,64,77,94,99,99,99,99,99,99,99,99,100,100,100,100,100,100,100,99,99,99,87,71,68,74,88,99,99,99,99,57,95,99,99,100,100,100,99,84,71,60,42,26,17,15,12,7,12,14,31,57,45,93,99,59,87,87,68,44,-1,-1,-1,-1,-1,-1,-1,-1,-1,-1,-1,-1
46,-1,-1,-1,-1,-1,45,20,10,7,14,11,8,11,6,10,1,5,13,24,20,11,11,30,52,79,91,93,99,86,28,9,10,16,21,6,14,26,65,75,43,99,68,74,49,36,27,48,55,19,8,26,38,43,74,99,99,100,100,99,96,64,24,11,8,17,35,68,65,56,81,99,92,84,99,99,99,99,99,99,99,78,89,89,77,99,99,74,63,62,54,37,20,5,10,8,10,19,23,14,20,40,47,47,63,71,90,99,99,100,100,100,100,100,100,100,100,100,100,100,100,100,99,99,99,91,66,60,75,98,99,99,99,100,99,99,99,100,100,100,99,60,41,35,27,23,15,6,12,16,6,7,6,36,40,58,99,99,98,99,84,75,47,-1,-1,-1,-1,-1,-1,-1,-1,-1,-1,-1,-1
47,-1,-1,-1,-1,-1,-1,20,25,28,24,10,9,12,3,10,6,11,13,19,27,17,21,43,65,89,79,99,99,50,22,44,46,30,3,6,44,21,59,75,99,99,75,46,19,53,54,15,32,30,17,24,12,19,33,65,99,99,100,99,91,71,35,13,16,35,62,51,41,87,99,76,84,96,99,99,66,62,63,72,99,99,97,89,99,100,100,99,99,73,61,56,42,20,12,9,9,9,11,7,17,45,56,41,70,86,99,100,100,100,100,100,100,100,100,100,100,100,100,100,100,99,99,99,87,66,67,71,80,99,99,99,100,100,99,99,100,100,100,99,57,24,18,17,17,16,16,14,5,21,42,42,52,83,99,99,99,87,99,99,73,56,27,17,-1,-1,-1,-1,-1,-1,-1,-1,-1,-1,-1
48,-1,-1,-1,-1,-1,-1,60,21,40,20,10,7,7,4,11,8,13,22,11,12,14,22,49,85,99,76,99,99,38,11,21,24,9,29,51,59,95,52,99,99,56,73,21,8,15,19,16,99,99,34,45,11,28,25,29,81,99,99,100,99,92,47,19,27,51,55,36,59,99,100,99,99,90,75,77,31,15,24,27,42,79,99,99,99,99,100,100,100,99,64,65,63,41,18,8,7,8,9,9,12,40,56,45,74,99,100,100,100,100,100,100,100,100,100,100,100,100,100,100,99,99,82,79,68,67,63,57,84,99,99,99,100,100,99,99,100,100,99,70,25,18,18,16,13,9,6,18,56,92,96,89,99,99,99,99,99,87,51,36,32,24,10,-1,-1,-1,-1,-1,-1,-1,-1,-1,-1,-1,-1
49,-1,-1,-1,-1,-1,-1,60,28,29,10,17,7,4,7,12,7,5,8,15,26,17,22,50,91,99,80,99,99,44,7,7,7,4,18,39,41,82,99,51,99,99,99,88,35,44,50,35,99,99,62,56,40,17,11,20,63,99,99,100,99,99,53,17,23,43,37,50,85,68,99,99,99,72,25,25,19,29,29,44,30,34,51,92,99,99,99,100,100,100,99,77,75,64,30,10,8,5,7,8,15,23,46,48,57,99,100,100,100,100,100,100,100,100,100,100,100,100,99,99,99,66,65,60,64,67,69,66,64,75,99,99,100,100,99,99,100,99,79,24,13,13,12,10,14,30,59,93,99,93,82,88,98,99,75,99,99,99,32,17,9,8,7,7,-1,-1,-1,-1,-1,-1,-1,-1,-1,-1,-1
50,-1,-1,-1,-1,-1,-1,31,39,26,12,15,7,12,16,10,6,5,4,14,26,18,27,52,79,99,83,99,98,46,11,7,15,12,26,24,99,72,99,61,99,99,63,41,22,35,17,20,31,62,38,19,28,10,54,56,75,99,100,100,99,99,45,15,23,40,39,64,83,99,99,99,99,99,99,99,71,19,41,86,39,24,39,43,57,85,99,99,100,100,99,87,70,82,53,13,13,14,10,25,33,15,39,49,63,99,100,100,100,100,100,100,100,100,100,100,99,99,99,99,67,64,66,54,67,65,58,42,29,46,91,99,100,100,99,99,100,99,56,26,12,4,16,28,55,96,99,99,80,90,91,52,53,79,99,99,99,53,28,16,5,6,10,7,-1,-1,-1,-1,-1,-1,-1,-1,-1,-1,-1
51,-1,-1,-1,-1,-1,-1,95,50,54,7,7,9,16,18,6,12,10,10,8,7,11,34,64,87,99,71,99,85,34,8,5,31,57,77,29,99,87,26,37,99,99,91,99,44,42,12,20,54,59,38,14,36,39,81,87,99,99,100,100,99,81,37,22,37,56,56,69,74,99,99,99,99,99,100,100,99,44,8,10,18,91,90,28,17,41,70,99,99,100,100,99,57,76,66,20,13,10,8,16,29,25,33,45,66,99,100,100,100,100,100,99,99,99,99,99,99,99,99,75,60,70,65,54,48,38,38,30,22,33,81,99,100,100,99,99,100,99,59,62,44,4,39,77,99,99,78,59,74,99,99,77,73,95,76,38,21,13,10,23,24,11,11,11,-1,-1,-1,-1,-1,-1,-1,-1,-1,-1,-1
52,-1,-1,-1,-1,-1,-1,99,33,62,18,15,16,13,9,6,7,6,9,10,18,18,38,71,99,99,71,99,82,28,18,18,26,67,71,73,99,66,39,41,96,72,71,74,33,31,9,24,38,40,35,10,29,16,26,63,99,99,100,100,99,69,33,23,36,60,65,71,85,95,99,99,99,99,99,99,99,99,10,66,24,92,31,44,19,26,26,61,99,100,100,100,99,69,71,42,18,13,6,3,18,29,25,35,52,89,99,99,99,99,99,99,99,99,97,88,83,76,73,67,61,68,67,49,44,44,30,29,29,31,74,99,100,100,99,99,100,99,97,74,41,16,69,99,99,99,99,99,83,80,76,69,69,60,12,59,25,41,14,11,23,19,14,12,2,-1,-1,-1,-1,-1,-1,-1,-1,-1,-1
53,-1,-1,-1,-1,-1,-1,-1,38,43,22,12,13,7,10,6,8,5,15,12,15,21,31,40,71,99,70,99,95,47,20,15,24,13,27,37,47,53,56,29,76,84,47,16,22,12,6,13,25,24,29,28,8,5,16,59,99,100,100,99,99,67,26,15,24,47,51,57,93,99,99,99,99,99,99,99,99,99,70,32,91,51,86,69,20,17,28,26,94,99,100,100,100,99,87,62,27,11,8,10,16,32,52,63,54,63,72,99,99,99,99,93,81,74,61,60,64,63,63,62,53,53,58,48,53,47,29,29,23,39,87,99,100,100,99,99,100,100,99,81,14,40,95,99,93,99,99,87,61,55,37,37,41,16,45,59,29,53,45,12,22,10,22,17,2,-1,-1,-1,-1,-1,-1,-1,-1,-1,-1
54,-1,-1,-1,-1,-1,-1,-1,21,29,23,5,5,13,12,7,5,14,23,16,17,20,16,19,35,80,62,99,99,65,18,16,48,42,4,46,55,28,28,34,22,38,19,57,35,20,10,13,17,28,42,19,12,6,32,99,99,100,100,99,99,58,15,10,16,39,47,49,99,100,100,99,99,99,99,99,99,73,92,86,59,14,14,31,43,33,21,19,54,99,99,100,100,99,98,69,31,7,7,13,16,33,78,94,55,77,79,99,99,99,97,83,66,59,54,56,70,75,63,54,64,66,64,65,64,53,20,44,32,52,99,99,100,100,99,99,99,100,99,99,45,50,99,98,99,99,84,25,14,29,29,36,27,59,39,24,47,45,47,45,18,24,22,29,14,-1,-1,-1,-1,-1,-1,-1,-1,-1,-1
55,-1,-1,-1,-1,-1,-1,-1,39,22,20,6,10,15,14,7,5,12,18,9,17,16,22,34,49,73,57,99,99,77,31,27,33,26,7,10,9,11,34,21,30,22,26,42,16,33,24,19,17,47,82,65,12,16,83,99,100,100,100,99,88,43,10,12,10,32,54,59,88,99,100,99,99,99,99,99,36,40,34,27,40,11,57,74,47,35,24,17,31,94,99,100,100,100,99,83,49,9,13,12,18,24,59,80,49,86,97,99,99,87,80,82,71,54,52,66,76,76,64,54,62,68,70,66,55,37,21,37,24,61,99,99,100,100,99,99,99,100,99,99,63,53,99,94,99,99,56,12,13,25,45,41,77,83,14,28,26,60,32,56,45,12,15,25,27,-1,-1,-1,-1,-1,-1,-1,-1,-1,-1
56,-1,-1,-1,-1,-1,-1,-1,16,27,13,6,10,13,10,3,1,6,10,5,12,14,25,40,63,84,64,95,99,99,75,64,41,28,26,42,71,60,32,28,30,24,21,19,30,25,15,20,23,17,34,45,43,76,99,99,100,100,100,99,73,33,7,14,11,22,46,61,75,90,99,100,99,90,89,60,29,39,48,60,19,54,28,14,21,11,17,9,23,67,99,99,100,100,99,90,61,24,7,9,15,10,24,54,53,63,67,66,70,83,88,92,84,61,60,78,69,61,60,53,64,71,67,55,36,22,21,24,44,70,99,99,100,100,99,99,100,100,99,81,38,26,94,86,99,99,52,28,10,20,51,57,77,99,30,34,18,25,52,32,48,43,13,23,16,23,-1,-1,-1,-1,-1,-1,-1,-1,-1
57,-1,-1,-1,-1,-1,-1,-1,-1,24,7,4,4,6,3,5,3,2,2,4,9,13,14,14,43,84,74,59,82,99,99,99,98,81,79,73,78,80,62,37,24,24,16,12,12,13,26,43,30,18,24,37,91,99,99,100,100,100,99,99,76,35,7,13,16,10,33,59,69,75,92,99,86,64,54,47,40,29,22,31,31,55,13,36,20,7,8,8,21,57,99,99,100,100,99,91,65,33,14,8,7,9,21,61,77,66,83,99,75,83,91,87,78,62,66,72,54,64,60,65,66,60,52,38,15,8,20,44,80,99,99,99,100,100,99,99,100,100,99,29,43,35,99,99,91,99,49,18,11,10,30,76,52,94,73,12,27,8,27,60,50,48,44,19,18,26,-1,-1,-1,-1,-1,-1,-1,-1,-1
58,-1,-1,-1,-1,-1,-1,-1,-1,7,7,12,9,4,5,5,5,7,7,4,5,8,8,13,12,45,61,62,68,68,99,99,99,99,99,93,62,63,52,34,24,22,20,17,16,13,24,42,43,33,43,86,99,99,100,100,100,99,99,99,99,56,12,6,10,13,19,48,68,65,74,86,81,68,55,43,56,61,45,20,12,15,13,16,8,15,17,16,16,49,99,99,100,100,99,86,63,35,17,12,8,7,21,54,75,68,77,83,52,63,58,64,59,52,59,52,61,68,75,72,53,30,20,14,9,18,13,51,99,99,99,99,100,100,99,99,100,100,99,51,48,45,99,99,99,82,19,5,3,12,8,54,87,43,99,45,25,18,5,32,60,33,56,45,13,12,-1,-1,-1,-1,-1,-1,-1,-1,-1
59,-1,-1,-1,-1,-1,-1,-1,-1,6,8,11,11,4,5,9,10,8,4,7,8,8,11,12,7,13,30,55,81,83,68,71,67,66,68,55,75,75,58,37,38,36,29,35,37,30,46,70,75,94,99,99,99,100,100,100,99,85,93,99,99,97,15,12,3,15,6,27,49,50,59,69,61,50,51,48,54,66,63,45,25,12,9,9,8,10,14,19,23,73,99,99,100,100,99,71,49,25,9,8,11,11,8,23,43,49,56,49,43,49,72,65,64,60,55,64,63,64,71,61,37,8,26,29,12,17,34,70,99,32,99,99,100,100,99,99,100,100,99,51,30,71,57,99,99,34,13,16,9,10,5,19,66,57,80,65,9,23,11,3,28,52,33,48,44,15,-1,-1,-1,-1,-1,-1,-1,-1,-1
60,-1,-1,-1,-1,-1,-1,-1,-1,-1,16,16,9,3,2,2,5,3,10,13,7,1,8,12,4,13,14,32,59,81,99,99,99,86,88,91,95,91,62,36,46,57,71,82,89,88,99,99,94,99,99,99,100,100,100,99,99,42,99,99,79,99,31,9,3,11,7,19,25,35,45,42,35,40,43,52,48,58,67,78,64,36,20,16,13,10,9,14,26,99,99,100,100,99,86,69,37,20,11,7,5,5,12,12,14,30,47,39,36,34,57,62,66,60,60,70,62,48,37,19,6,35,62,54,20,23,43,99,99,88,99,99,100,99,99,100,100,99,98,44,57,99,65,99,98,49,17,20,15,5,7,8,35,74,42,66,33,17,13,7,7,28,60,51,48,48,-1,-1,-1,-1,-1,-1,-1,-1,-1
61,-1,-1,-1,-1,-1,-1,-1,-1,7,12,12,8,3,8,9,3,3,10,12,2,12,3,12,5,17,13,12,7,31,74,95,87,73,63,60,65,53,35,39,39,66,99,99,99,99,99,71,99,84,99,100,100,99,99,99,91,63,99,99,99,72,45,4,3,10,7,13,19,31,38,28,41,45,40,46,46,57,71,97,86,56,42,29,20,23,19,20,25,99,99,100,100,99,99,80,37,26,32,21,12,15,11,12,15,23,40,30,30,31,23,43,58,52,44,47,37,8,34,56,75,86,71,43,42,42,42,48,68,40,99,99,100,99,99,100,100,99,69,22,99,99,83,99,91,52,29,10,13,17,18,8,22,67,67,71,62,12,24,10,2,4,32,60,32,59,51,-1,-1,-1,-1,-1,-1,-1,-1
62,-1,-1,-1,-1,-1,-1,-1,-1,-1,6,7,6,3,3,2,4,4,7,7,4,10,4,11,6,18,20,18,33,17,20,38,48,44,28,29,39,26,33,36,47,43,69,99,99,95,99,99,99,99,99,99,99,88,65,53,59,99,99,49,46,54,32,2,4,13,18,14,27,27,32,36,37,38,48,39,46,51,71,94,87,80,78,54,35,31,28,34,74,99,99,100,100,99,99,74,37,25,34,29,17,15,23,24,19,40,35,51,43,25,21,31,38,24,13,11,21,58,89,92,94,85,45,59,52,60,62,99,99,99,99,100,100,99,99,100,100,99,66,41,99,99,66,99,68,15,3,13,12,15,22,18,16,49,62,66,96,30,33,19,6,0,5,28,52,27,47,-1,-1,-1,-1,-1,-1,-1,-1
63,-1,-1,-1,-1,-1,-1,-1,-1,-1,4,6,7,2,4,6,5,3,7,3,3,4,2,9,6,24,32,20,26,29,21,9,21,24,21,26,33,26,23,24,33,56,78,81,81,99,99,55,75,99,99,76,67,32,79,27,67,74,86,74,55,31,13,5,6,15,14,20,29,24,21,35,44,33,38,41,52,56,64,83,91,99,99,94,74,64,73,99,99,99,100,100,100,99,79,55,26,14,18,25,27,21,25,24,18,55,39,81,54,32,31,21,21,34,44,43,43,71,87,59,49,53,84,72,53,73,98,99,99,99,100,100,100,99,100,100,100,99,53,69,96,99,71,99,56,5,7,3,9,7,6,18,11,31,78,52,94,72,11,28,11,2,0,7,28,57,43,54,-1,-1,-1,-1,-1,-1,-1
64,-1,-1,-1,-1,-1,-1,-1,-1,-1,6,2,4,2,4,6,5,6,6,4,5,8,5,10,18,24,29,28,13,27,24,10,12,11,17,28,35,34,25,24,29,38,67,94,99,99,99,44,52,36,34,71,53,30,50,42,58,24,15,19,14,7,5,3,8,13,7,14,15,17,12,14,24,27,35,44,46,55,66,64,81,99,99,99,99,99,99,99,99,100,100,100,99,96,76,40,11,14,10,28,31,8,5,6,6,34,37,33,26,28,27,20,39,45,54,51,35,54,74,57,87,77,71,60,87,99,99,99,99,99,100,100,100,99,100,100,100,99,83,99,99,99,71,99,55,2,6,4,4,8,9,2,15,12,57,92,39,99,45,25,18,7,0,0,4,29,48,-1,-1,-1,-1,-1,-1,-1,-1
65,-1,-1,-1,-1,-1,-1,-1,-1,-1,-1,7,7,5,2,7,9,5,6,7,8,15,13,16,21,16,13,19,22,16,28,19,9,7,8,23,32,35,25,19,23,28,43,60,74,90,93,73,99,99,99,91,48,34,39,39,23,9,11,8,6,8,6,4,5,6,7,6,3,9,11,23,25,24,30,35,39,49,77,86,99,100,100,99,99,99,99,100,100,100,100,99,73,74,60,24,9,11,10,25,25,13,22,8,8,9,20,42,32,23,23,28,28,31,32,27,42,38,53,60,94,73,52,53,58,54,46,54,86,99,100,100,100,99,100,100,100,99,99,70,65,63,70,85,42,7,10,13,12,11,12,9,10,11,19,65,62,75,64,9,23,11,3,0,0,3,17,36,-1,-1,-1,-1,-1,-1,-1
66,-1,-1,-1,-1,-1,-1,-1,-1,-1,-1,14,9,9,11,6,12,7,4,4,7,18,13,16,10,14,9,8,19,11,28,27,14,14,15,7,9,10,17,16,23,31,28,24,25,28,50,98,51,99,38,96,45,35,27,18,10,11,8,6,4,8,7,7,6,8,10,6,10,8,21,21,26,32,25,30,40,50,69,83,99,99,100,99,99,100,100,100,99,99,99,83,57,48,33,11,6,6,13,10,9,18,19,8,10,5,9,32,29,23,27,26,28,54,51,28,31,51,61,64,64,51,60,64,99,99,99,73,77,99,100,100,100,99,100,100,100,99,99,99,99,85,39,13,9,9,13,18,19,18,15,15,16,14,11,23,74,52,60,33,17,13,7,1,0,0,2,11,-1,-1,-1,-1,-1,-1,-1
67,-1,-1,-1,-1,-1,-1,-1,-1,-1,-1,6,14,16,10,8,14,8,4,10,5,8,8,19,3,24,12,7,17,17,15,19,9,10,13,13,25,27,13,18,27,25,14,9,14,16,14,47,71,68,73,54,32,32,28,17,11,11,10,13,9,5,9,14,11,9,10,8,7,10,25,35,40,39,26,29,55,67,66,74,87,95,99,85,81,99,99,99,66,71,73,68,57,37,18,9,8,8,19,26,23,15,8,14,19,15,11,17,23,15,16,21,26,37,26,23,27,35,61,56,30,22,51,74,99,99,99,43,99,99,100,100,100,99,100,100,100,99,99,99,91,64,19,11,17,22,17,14,13,12,16,13,21,22,14,17,63,83,52,64,10,23,10,2,0,0,0,0,-1,-1,-1,-1,-1,-1,-1
68,-1,-1,-1,-1,-1,-1,-1,-1,-1,-1,15,13,7,6,4,7,2,2,8,3,5,6,10,3,15,8,8,13,18,16,11,6,3,4,7,19,20,15,17,22,12,7,8,18,17,8,7,21,32,29,22,21,25,22,20,21,21,28,26,22,10,9,9,9,9,8,8,8,11,20,27,30,32,27,30,52,61,57,64,74,77,81,83,82,77,68,57,52,58,60,57,39,18,11,10,10,7,21,29,22,11,15,16,29,21,12,13,18,13,19,24,14,15,13,22,32,23,39,45,21,10,30,70,96,72,70,99,99,99,100,100,100,99,100,100,100,99,83,86,77,46,7,12,25,44,42,39,37,35,33,26,19,23,21,12,34,48,38,74,36,17,16,5,0,0,0,0,-1,-1,-1,-1,-1,-1,-1
69,-1,-1,-1,-1,-1,-1,-1,-1,-1,-1,-1,2,3,9,11,8,12,6,8,3,4,4,2,4,5,3,4,3,8,14,9,3,4,3,10,7,17,16,21,15,5,8,10,15,11,11,17,21,18,11,20,18,19,16,30,22,31,40,40,39,30,25,22,11,10,9,8,12,14,14,17,18,18,18,26,34,31,33,48,59,57,53,55,56,56,60,60,59,64,58,32,6,19,13,13,14,11,13,17,12,17,17,16,17,17,18,19,17,16,21,16,13,8,9,15,26,18,33,32,18,13,25,45,81,99,99,99,99,99,100,100,100,99,100,100,100,99,70,75,75,44,20,15,25,27,30,34,35,28,26,34,35,29,25,20,15,10,25,36,61,27,13,6,2,0,0,0,0,-1,-1,-1,-1,-1,-1
70,-1,-1,-1,-1,-1,-1,-1,-1,-1,-1,3,5,7,2,5,6,7,3,11,8,2,5,7,8,8,6,2,2,4,5,9,6,3,6,19,12,13,19,22,10,5,8,10,13,12,16,26,35,31,17,17,36,54,50,37,42,54,63,68,60,44,38,32,21,17,15,7,16,18,10,16,17,11,7,19,27,17,12,28,40,36,32,37,35,36,55,58,48,47,34,2,28,28,12,14,8,8,12,14,18,24,20,18,23,20,17,12,8,13,21,16,16,17,19,29,27,19,24,14,5,10,29,34,34,47,64,87,99,99,100,100,100,99,99,100,100,100,99,75,78,64,63,43,34,48,51,49,45,54,46,15,22,11,17,19,18,10,25,22,33,29,17,6,2,0,0,0,-1,-1,-1,-1,-1,-1,-1
71,-1,-1,-1,-1,-1,-1,-1,-1,-1,-1,-1,3,4,7,8,5,7,7,4,4,4,4,11,16,10,5,4,6,8,7,9,4,1,7,12,14,15,18,20,6,9,6,8,18,30,34,33,39,51,56,60,66,56,34,42,74,76,51,55,81,82,63,31,33,29,13,8,11,10,13,18,17,7,12,18,32,16,5,17,23,20,20,21,18,18,29,31,21,16,11,11,23,16,21,21,8,14,12,15,14,20,21,17,15,11,5,9,14,11,23,17,13,17,26,36,30,18,20,6,17,9,27,36,22,15,26,56,99,99,100,100,100,99,99,100,100,100,99,99,99,86,29,9,10,16,18,19,18,23,24,16,23,21,18,24,18,17,15,15,14,19,38,39,32,23,8,1,0,-1,-1,-1,-1,-1,-1
72,-1,-1,-1,-1,-1,-1,-1,-1,-1,-1,-1,3,9,9,3,6,5,5,7,14,14,14,5,11,2,8,2,11,11,6,5,4,6,6,7,11,16,10,15,9,17,8,15,31,32,25,48,41,34,39,57,87,99,99,93,51,64,99,99,99,99,82,41,38,33,14,8,10,15,18,17,15,9,11,19,37,26,19,24,17,13,9,5,6,10,12,15,13,8,7,13,17,11,23,28,21,10,16,20,16,19,22,22,19,10,7,14,15,14,22,13,10,11,11,15,19,17,25,8,13,3,10,8,13,12,8,37,85,99,100,100,100,99,99,100,100,100,99,90,99,99,11,49,40,32,32,32,30,30,26,17,10,13,24,26,23,25,29,32,26,25,35,49,52,50,47,27,5,-1,-1,-1,-1,-1,-1
73,-1,-1,-1,-1,-1,-1,-1,-1,-1,-1,-1,2,11,16,10,4,2,3,6,16,20,18,4,6,2,3,6,8,6,9,9,3,9,13,8,5,9,7,11,4,11,8,21,18,39,69,70,28,41,33,96,95,76,74,68,76,95,99,99,76,44,29,24,32,30,24,21,19,19,20,18,17,18,11,21,43,37,28,27,21,18,12,5,8,10,16,21,20,13,7,15,18,14,34,41,42,40,45,46,34,31,33,29,20,9,6,9,10,18,16,5,10,18,17,15,11,17,27,17,7,9,7,24,19,10,14,49,91,99,100,100,100,100,99,100,100,100,99,76,93,99,47,14,22,18,18,18,18,19,20,21,23,21,15,15,15,16,19,22,22,24,34,42,48,38,51,68,46,-1,-1,-1,-1,-1,-1
74,-1,-1,-1,-1,-1,-1,-1,-1,-1,-1,-1,-1,7,12,6,6,2,4,8,13,14,11,3,3,2,6,7,4,2,8,9,14,30,25,26,36,32,19,14,10,9,15,18,14,20,19,42,71,55,21,26,16,13,17,19,27,36,52,59,60,47,27,20,23,29,35,31,24,25,32,32,29,27,14,17,36,32,20,19,19,17,14,7,7,15,25,38,45,43,35,26,27,43,63,73,79,91,96,80,55,49,52,50,32,14,13,15,16,17,10,8,8,17,7,7,11,23,36,32,22,8,8,9,15,15,27,64,89,90,99,100,100,100,99,100,100,100,99,88,84,57,22,13,20,15,15,15,14,13,13,15,13,15,23,25,20,23,37,40,37,37,40,48,58,72,58,34,65,70,-1,-1,-1,-1,-1
75,-1,-1,-1,-1,-1,-1,-1,-1,-1,-1,-1,-1,6,13,7,7,6,13,11,5,10,15,9,6,7,3,7,5,7,5,17,47,35,45,31,48,49,33,26,27,24,22,34,46,55,52,25,59,88,59,10,15,24,27,17,62,89,73,49,38,27,18,17,18,25,33,26,20,22,37,46,45,37,21,18,20,20,26,24,20,16,12,19,28,31,38,53,68,82,88,96,99,99,85,91,99,99,99,85,80,78,72,81,68,41,33,28,20,15,9,7,11,11,8,22,26,14,35,42,30,8,15,8,15,17,36,61,66,74,99,100,100,100,99,99,100,100,99,92,81,46,17,24,26,14,13,13,15,15,16,21,22,20,22,22,19,18,20,19,17,17,15,14,16,31,52,70,46,62,-1,-1,-1,-1,-1
76,-1,-1,-1,-1,-1,-1,-1,-1,-1,-1,-1,-1,8,13,12,6,6,10,6,5,11,32,34,14,2,4,7,4,12,15,51,65,23,71,60,33,22,27,40,46,34,31,49,39,66,99,99,99,94,21,51,37,18,20,40,57,60,54,41,38,40,34,28,19,17,18,27,34,37,30,38,47,51,40,21,21,25,30,30,21,25,26,31,43,55,68,78,83,82,99,99,99,99,95,99,99,99,99,99,99,99,99,99,99,76,64,53,39,23,13,17,18,9,15,23,29,22,12,27,28,8,17,23,18,18,36,48,62,91,99,99,100,100,100,99,100,100,100,99,77,55,54,46,24,12,9,8,14,16,14,15,14,12,10,9,8,6,3,0,0,0,2,4,5,5,6,34,55,37,-1,-1,-1,-1,-1
77,-1,-1,-1,-1,-1,-1,-1,-1,-1,-1,-1,-1,12,11,10,8,13,15,14,12,20,55,51,43,40,22,9,6,5,30,54,44,34,57,57,43,26,25,22,26,25,56,53,25,93,96,58,20,59,71,65,70,72,50,25,75,59,47,43,35,44,40,33,25,18,29,32,33,38,43,34,38,45,99,71,18,21,34,36,23,38,46,45,50,79,99,99,99,99,100,100,100,100,99,100,100,100,100,100,100,100,100,100,100,99,98,82,68,45,29,32,29,20,10,18,17,11,9,11,15,7,16,27,17,25,31,43,77,99,99,99,100,100,100,99,100,100,100,99,82,45,43,38,11,7,9,9,7,6,8,9,10,10,8,6,5,5,5,5,5,6,7,6,6,7,8,7,16,34,-1,-1,-1,-1,-1
78,-1,-1,-1,-1,-1,-1,-1,-1,-1,-1,-1,-1,12,8,8,9,12,18,32,43,64,65,46,26,80,75,47,23,27,31,18,25,23,35,45,39,35,23,20,43,38,58,61,36,41,75,84,69,67,54,46,63,48,59,99,99,57,44,30,28,42,36,30,23,27,30,24,19,24,39,42,89,86,40,99,82,20,30,32,23,45,69,91,96,96,99,100,100,100,100,100,100,100,100,100,100,100,100,100,100,100,100,100,100,100,99,99,99,84,63,50,46,40,19,9,6,14,13,18,26,23,23,20,17,22,24,35,74,96,86,99,100,100,100,99,100,100,100,99,80,51,37,29,9,10,11,10,10,8,7,8,8,7,7,8,8,7,7,7,7,9,7,7,9,7,6,6,7,10,15,-1,-1,-1,-1
79,-1,-1,-1,-1,-1,-1,-1,-1,-1,-1,-1,-1,-1,14,10,8,11,24,75,89,99,99,99,32,55,34,31,52,51,35,39,25,40,16,19,47,70,27,64,38,55,48,48,51,64,80,67,44,32,33,54,77,99,99,76,26,52,44,34,44,49,37,26,30,39,35,23,21,18,29,38,99,99,99,99,99,16,20,34,57,67,92,99,99,99,99,100,100,100,100,100,100,100,100,100,100,100,100,100,100,100,100,100,100,100,100,100,99,98,93,75,59,53,29,7,5,19,10,30,36,36,34,20,20,18,16,26,66,81,83,99,100,100,100,99,100,100,100,99,76,64,50,28,10,17,12,13,17,13,13,15,15,17,15,6,4,6,6,7,7,6,6,7,6,5,5,5,4,3,2,-1,-1,-1,-1
80,-1,-1,-1,-1,-1,-1,-1,-1,-1,-1,-1,-1,-1,12,10,11,15,30,95,75,99,99,88,28,68,99,99,56,56,31,56,27,29,23,13,26,29,36,53,33,52,65,38,53,46,34,53,76,84,89,99,99,89,32,63,68,50,36,35,46,49,38,22,36,38,32,24,17,19,25,32,99,100,99,99,99,28,43,71,67,54,74,99,99,99,100,100,100,100,100,100,100,100,100,100,100,100,100,100,100,100,100,100,100,100,100,100,100,99,97,99,68,40,19,12,13,22,7,26,36,42,40,21,21,16,16,37,73,87,99,99,100,100,100,99,100,100,100,99,75,58,42,24,16,23,22,12,8,2,2,4,5,6,6,4,4,5,5,5,5,5,4,1,0,0,0,0,0,0,4,-1,-1,-1,-1
81,-1,-1,-1,-1,-1,-1,-1,-1,-1,-1,-1,-1,-1,7,6,6,7,23,73,69,99,99,47,73,74,99,71,50,23,57,67,39,16,17,26,23,18,46,24,46,30,50,37,94,95,44,99,99,99,77,61,29,60,75,57,33,25,26,29,45,60,47,21,37,36,32,26,18,18,26,26,99,100,99,99,87,30,58,84,85,99,82,99,99,99,100,100,100,100,100,100,100,100,100,99,100,100,100,100,100,100,100,100,100,100,100,100,100,100,99,94,59,31,21,17,24,23,3,20,31,37,32,25,25,11,19,51,74,90,99,100,100,100,99,99,100,100,100,99,88,66,53,56,53,42,26,21,30,23,23,21,20,21,20,18,17,17,17,18,18,18,18,18,18,18,18,18,18,20,26,-1,-1,-1,-1
82,-1,-1,-1,-1,-1,-1,-1,-1,-1,-1,-1,-1,-1,8,4,7,12,14,47,78,99,84,58,66,24,27,73,37,24,16,14,25,38,32,46,25,59,32,32,42,38,61,54,99,94,46,76,63,35,39,58,60,49,45,44,21,38,25,34,33,32,40,26,27,35,43,40,18,21,16,19,57,99,99,82,29,35,67,87,82,99,46,98,99,99,100,100,100,100,100,100,100,100,99,99,100,100,100,100,100,100,100,100,100,100,100,100,100,100,100,99,52,47,49,35,23,6,21,33,33,29,27,37,21,6,23,61,70,87,99,100,100,100,99,99,100,100,100,99,97,84,69,51,13,43,57,63,63,57,56,57,57,57,57,57,57,57,57,57,57,57,57,57,57,57,57,57,57,61,66,-1,-1,-1,-1
83,-1,-1,-1,-1,-1,-1,-1,-1,-1,-1,-1,-1,-1,11,10,4,3,25,62,97,99,56,14,16,8,23,45,8,8,58,41,30,28,19,42,29,37,32,33,53,80,58,99,99,37,21,47,81,61,35,27,34,31,35,44,26,57,20,42,72,99,42,36,16,34,45,45,26,18,16,18,23,28,30,32,43,60,77,99,76,44,67,61,79,99,99,100,100,100,99,99,99,99,65,99,100,100,100,100,100,100,100,100,100,100,100,100,100,100,100,99,72,55,62,42,15,18,37,42,36,24,34,33,16,10,27,52,67,93,99,100,100,100,99,99,100,100,100,99,84,72,57,19,22,35,34,25,25,26,26,26,26,26,26,26,26,26,26,26,26,26,26,26,26,26,26,26,26,24,26,22,-1,-1,-1
84,-1,-1,-1,-1,-1,-1,-1,-1,-1,-1,-1,-1,-1,-1,29,33,45,56,82,85,34,27,28,17,30,29,10,28,28,52,21,38,24,24,47,28,30,41,55,51,74,51,99,97,48,32,51,80,74,34,20,39,54,42,24,42,42,24,42,59,99,22,39,12,28,35,34,23,18,17,19,29,46,62,66,74,78,99,100,99,99,99,99,99,63,99,100,100,100,100,99,99,99,77,99,99,100,99,99,99,100,100,100,100,100,100,100,100,100,100,99,85,59,72,58,25,19,32,35,31,25,32,22,17,23,22,28,61,99,100,100,100,99,99,100,100,100,99,99,84,53,15,22,52,74,65,64,64,64,64,64,64,64,64,64,64,64,64,64,64,64,64,64,64,64,64,64,64,64,63,49,-1,-1,-1
85,-1,-1,-1,-1,-1,-1,-1,-1,-1,-1,-1,-1,-1,-1,27,52,60,33,32,70,99,44,30,27,33,35,6,18,31,24,29,31,51,84,75,45,21,24,38,29,40,41,40,49,29,54,30,78,94,48,49,37,44,39,22,38,18,29,30,12,14,44,42,21,12,22,25,17,18,18,23,46,70,89,96,85,71,89,99,99,100,100,99,99,99,100,100,100,100,100,100,100,100,99,99,100,100,100,99,99,99,100,100,100,100,100,100,100,100,100,100,99,66,93,79,39,15,28,30,21,33,30,15,16,33,40,37,62,99,100,100,100,99,99,100,100,100,99,99,91,50,42,37,29,13,8,8,8,8,8,8,8,8,8,8,8,8,8,8,8,8,8,8,8,8,8,8,9,9,11,26,-1,-1,-1
86,-1,-1,-1,-1,-1,-1,-1,-1,-1,-1,-1,-1,-1,-1,31,18,36,67,62,73,74,22,23,76,59,19,40,46,16,19,40,74,39,90,68,39,23,23,38,48,61,28,35,25,47,63,35,65,64,28,60,69,43,21,14,19,15,17,24,39,54,52,40,25,13,22,26,22,18,14,39,73,99,99,98,69,84,99,99,99,99,99,69,99,99,99,100,100,100,100,100,100,100,99,100,100,100,100,100,99,99,99,99,99,100,100,100,100,100,100,100,100,99,91,78,49,18,32,24,31,32,20,8,10,26,51,61,72,99,100,100,100,99,99,100,100,100,99,47,63,40,32,44,27,30,34,34,34,34,34,34,34,34,34,34,34,34,34,34,34,34,35,37,43,46,46,47,55,71,93,99,-1,-1,-1
87,-1,-1,-1,-1,-1,-1,-1,-1,-1,-1,-1,-1,-1,-1,25,24,34,49,49,26,15,13,10,36,57,18,45,29,16,21,30,75,70,57,74,57,42,52,78,51,35,30,38,31,29,24,39,29,37,41,63,23,47,19,29,24,15,18,37,63,71,61,39,15,26,27,24,17,19,45,86,99,99,99,71,87,99,99,98,68,99,99,99,85,99,99,99,99,100,100,100,100,100,100,100,100,100,100,100,100,99,83,33,70,99,100,100,100,100,100,100,100,100,99,76,61,28,29,28,35,23,10,12,8,18,46,71,82,99,100,100,100,99,99,100,100,100,99,63,39,34,35,55,55,26,20,19,19,19,19,19,20,20,19,19,17,16,16,15,15,15,18,20,21,28,41,61,72,67,82,97,-1,-1,-1
88,-1,-1,-1,-1,-1,-1,-1,-1,-1,-1,-1,-1,-1,-1,4,31,53,21,47,24,26,68,37,13,31,6,22,21,23,20,35,36,24,37,36,71,81,68,59,35,28,37,27,31,33,44,65,45,44,54,77,39,31,53,63,71,79,77,90,99,99,89,65,30,18,22,19,12,47,99,99,84,88,84,92,99,99,59,99,99,99,55,99,99,99,99,99,99,99,99,100,100,100,99,100,100,100,100,100,99,57,35,25,83,99,99,100,100,100,100,100,100,100,99,90,59,38,30,35,32,20,11,10,10,23,49,74,89,99,100,100,100,99,99,100,100,100,99,75,75,63,33,42,51,31,20,20,19,19,19,18,15,12,12,12,14,14,14,14,15,25,48,57,41,40,49,58,47,70,84,83,88,-1,-1
89,-1,-1,-1,-1,-1,-1,-1,-1,-1,-1,-1,-1,-1,-1,-1,33,32,16,22,32,52,98,99,76,31,37,45,11,13,31,40,31,59,99,99,40,91,41,23,21,38,25,22,32,20,39,52,19,23,99,99,81,75,99,96,99,99,99,86,73,73,65,82,80,46,14,12,20,89,99,92,99,99,99,99,99,78,99,99,47,94,99,48,99,99,99,77,28,92,99,99,99,99,99,100,100,100,100,100,100,99,85,90,92,99,99,99,99,100,100,100,100,100,100,99,67,55,35,17,16,18,13,9,10,21,48,71,89,99,100,100,100,100,99,99,100,100,100,99,99,87,51,46,51,32,17,16,12,10,8,8,12,14,12,14,18,18,30,33,41,46,40,46,42,29,43,73,82,80,75,63,40,-1,-1
90,-1,-1,-1,-1,-1,-1,-1,-1,-1,-1,-1,-1,-1,-1,-1,45,53,12,46,22,28,53,67,73,30,64,86,25,30,30,63,99,99,99,99,58,22,22,12,86,79,30,38,29,32,20,42,77,85,99,99,68,99,99,99,92,67,86,90,99,99,99,61,99,99,81,54,76,99,99,99,99,99,99,99,99,99,61,83,46,63,58,80,64,48,99,99,99,31,50,99,99,99,99,99,100,100,100,100,100,100,99,99,99,99,99,99,99,100,100,100,100,100,100,99,93,72,27,26,16,10,13,15,6,8,35,65,76,99,100,100,100,100,99,99,100,100,100,100,99,99,43,19,24,10,11,12,10,9,14,14,12,17,13,31,38,34,40,41,55,43,70,79,61,59,56,59,48,26,14,6,1,-1,-1
91,-1,-1,-1,-1,-1,-1,-1,-1,-1,-1,-1,-1,-1,-1,-1,63,37,40,51,28,33,89,96,59,45,42,31,35,68,83,99,99,99,99,99,99,95,82,46,30,15,26,15,26,17,65,38,99,99,22,53,99,99,82,79,99,99,99,99,93,99,99,99,62,99,99,99,99,99,86,99,99,99,99,99,100,99,99,99,61,95,51,81,48,87,74,36,35,51,94,27,99,99,99,73,99,100,100,100,100,100,100,99,99,99,99,99,100,100,100,100,100,100,100,99,94,60,30,17,13,18,10,18,17,10,32,58,64,99,100,100,100,100,100,99,100,100,100,100,100,99,64,21,33,14,25,23,8,11,28,42,40,40,45,53,47,30,45,54,51,45,57,53,40,33,23,9,2,0,0,0,0,-1,-1
92,-1,-1,-1,-1,-1,-1,-1,-1,-1,-1,-1,-1,-1,-1,-1,27,51,36,18,10,14,46,70,63,67,99,93,73,83,69,99,100,100,100,100,99,99,99,99,99,64,17,24,23,46,61,63,99,99,99,99,55,99,72,98,99,99,99,99,71,99,99,99,99,99,99,99,99,56,99,99,99,99,100,100,100,99,85,84,78,99,82,51,67,55,25,60,75,35,57,84,32,72,69,68,89,99,100,100,100,100,100,100,100,99,99,100,100,100,100,100,100,100,100,99,76,46,38,39,21,23,27,11,24,27,31,55,63,61,99,100,100,100,100,100,100,100,100,100,100,100,99,56,60,45,12,27,39,43,35,44,50,42,28,47,56,51,48,47,46,33,15,5,2,1,0,0,0,0,0,0,0,0,-1
93,-1,-1,-1,-1,-1,-1,-1,-1,-1,-1,-1,-1,-1,-1,-1,-1,39,5,22,19,6,21,23,27,54,98,99,96,77,99,100,100,100,100,100,100,100,100,100,99,66,48,74,49,20,62,99,99,64,65,99,99,99,99,92,99,99,99,80,99,99,99,68,99,99,99,85,76,85,99,99,99,100,100,100,100,99,98,72,80,98,98,57,99,99,89,62,24,22,13,19,47,49,52,78,99,99,100,100,100,100,100,100,100,100,100,100,100,100,100,100,100,100,99,75,65,53,36,26,27,15,24,32,12,20,20,51,72,51,69,99,100,100,100,100,99,100,100,100,100,100,99,56,17,16,16,39,59,50,53,64,49,48,45,50,42,23,14,8,4,2,1,0,0,0,0,0,0,0,0,0,0,0,-1
94,-1,-1,-1,-1,-1,-1,-1,-1,-1,-1,-1,-1,-1,-1,-1,-1,10,9,16,10,18,24,10,8,28,73,97,86,80,99,99,99,100,100,99,99,100,100,100,99,99,53,76,63,48,80,43,69,83,99,99,99,99,99,99,80,99,99,99,78,52,99,99,92,99,99,99,99,99,99,99,100,100,100,100,100,99,80,74,85,97,97,65,99,99,90,79,68,71,39,41,40,99,99,89,99,99,99,100,100,100,100,100,100,100,100,100,100,100,100,100,100,100,99,78,65,49,27,8,13,22,8,22,17,9,11,37,70,75,74,88,99,100,100,100,100,99,100,100,100,100,99,38,83,80,27,48,52,48,53,49,37,32,23,10,3,2,2,1,0,0,0,0,0,0,0,0,0,0,0,-1,0,-1,-1
95,-1,-1,-1,-1,-1,-1,-1,-1,-1,-1,-1,-1,-1,-1,-1,-1,11,10,25,25,26,22,14,23,7,44,68,59,99,99,99,99,99,99,99,99,99,100,100,100,99,99,99,61,44,57,99,99,99,99,99,99,99,74,90,99,99,87,35,46,59,36,59,99,99,99,99,99,99,100,100,100,100,100,100,99,84,71,78,88,96,89,69,59,69,66,67,86,99,99,16,97,99,99,74,99,99,99,99,100,100,100,100,100,100,100,100,100,100,100,100,100,100,99,78,52,36,28,5,12,6,10,8,10,9,6,22,42,60,77,82,99,100,100,100,100,99,100,100,100,100,99,25,68,37,83,70,48,33,14,5,4,3,2,1,1,0,0,0,0,0,0,0,-1,0,-1,-1,-1,-1,-1,-1,-1,-1,-1
96,-1,-1,-1,-1,-1,-1,-1,-1,-1,-1,-1,-1,-1,-1,-1,-1,-1,34,46,35,16,6,17,24,17,25,64,68,99,100,100,100,100,100,99,99,99,100,100,100,99,99,99,85,99,99,87,99,99,99,99,99,74,97,99,78,60,60,63,29,68,67,57,15,96,99,85,99,100,100,100,100,100,100,99,95,70,74,75,77,84,79,71,74,80,88,80,78,99,99,99,99,99,99,99,75,99,99,99,99,100,100,100,100,100,100,100,100,100,100,100,100,99,92,63,27,24,33,6,33,20,11,21,17,16,10,16,25,32,62,85,99,100,100,100,100,99,100,100,100,100,99,39,60,99,99,40,5,2,2,3,3,2,1,0,0,0,-1,-1,-1,-1,-1,-1,-1,-1,-1,-1,-1,-1,-1,-1,-1,-1,-1
97,-1,-1,-1,-1,-1,-1,-1,-1,-1,-1,-1,-1,-1,-1,-1,-1,40,47,48,21,15,4,2,5,13,31,66,85,99,100,100,100,100,100,100,100,100,100,100,100,99,99,99,99,99,99,87,99,99,99,99,84,59,57,72,80,75,74,72,55,38,33,60,80,65,41,96,92,99,100,100,100,100,99,92,56,51,65,61,56,64,65,62,61,61,78,99,99,100,99,99,99,99,100,100,99,99,99,99,99,99,100,100,100,100,100,100,100,100,100,100,99,73,73,58,19,11,19,16,55,50,20,26,27,22,15,14,37,53,65,72,99,100,100,100,100,100,100,100,100,100,99,98,82,50,68,53,11,1,1,1,-1,-1,-1,-1,-1,-1,-1,-1,-1,-1,-1,-1,-1,-1,-1,-1,-1,-1,-1,-1,-1,-1,-1
98,-1,-1,-1,-1,-1,-1,-1,-1,-1,-1,-1,-1,-1,-1,-1,-1,-1,88,44,15,15,9,13,19,27,28,43,54,60,99,100,100,100,100,100,100,100,100,100,99,99,99,69,99,99,99,99,99,99,59,78,97,42,79,81,59,40,33,34,50,60,53,36,53,68,52,52,79,99,100,100,100,99,85,46,30,33,49,42,38,48,51,46,45,55,63,84,99,99,100,100,99,99,100,99,84,60,30,81,99,99,99,99,99,99,99,100,100,100,100,99,64,41,38,40,29,21,24,26,36,48,20,18,20,23,24,20,35,58,72,74,99,100,100,100,100,100,100,100,100,100,100,99,67,63,-1,-1,-1,-1,-1,-1,-1,-1,-1,-1,-1,-1,-1,-1,-1,-1,-1,-1,-1,-1,-1,-1,-1,-1,-1,-1,-1,-1,-1
99,-1,-1,-1,-1,-1,-1,-1,-1,-1,-1,-1,-1,-1,-1,-1,-1,-1,99,48,14,14,18,10,12,16,9,15,27,34,92,99,100,100,100,100,100,100,100,99,99,99,84,99,99,99,99,99,42,99,89,50,67,73,63,45,28,14,9,10,21,31,39,48,42,31,26,50,94,99,100,100,99,99,58,26,30,26,29,26,31,34,34,32,38,51,55,64,88,99,99,99,78,79,99,66,89,29,84,37,99,99,99,80,77,95,76,99,99,99,99,99,93,37,18,15,28,30,38,48,32,16,16,20,22,24,27,22,20,36,73,99,95,99,100,100,100,100,99,100,-1,-1,-1,-1,-1,-1,-1,-1,-1,-1,-1,-1,-1,-1,-1,-1,-1,-1,-1,-1,-1,-1,-1,-1,-1,-1,-1,-1,-1,-1,-1,-1,-1,-1,-1
100,-1,-1,-1,-1,-1,-1,-1,-1,-1,-1,-1,-1,-1,-1,-1,-1,-1,17,62,29,20,36,22,16,15,13,14,26,43,78,97,99,100,100,100,100,100,99,99,99,55,97,99,99,99,99,42,99,99,49,94,87,57,37,30,22,11,12,14,15,14,14,25,31,25,49,91,99,99,100,99,99,76,53,45,37,30,17,12,19,18,15,25,40,45,47,56,73,90,95,86,73,67,66,65,81,68,49,53,52,65,61,57,75,99,87,54,59,99,99,96,75,30,18,20,19,18,24,40,30,7,10,25,23,18,17,13,14,31,68,99,99,99,-1,-1,-1,-1,-1,-1,-1,-1,-1,-1,-1,-1,-1,-1,-1,-1,-1,-1,-1,-1,-1,-1,-1,-1,-1,-1,-1,-1,-1,-1,-1,-1,-1,-1,-1,-1,-1,-1,-1,-1,-1
101,-1,-1,-1,-1,-1,-1,-1,-1,-1,-1,-1,-1,-1,-1,-1,-1,-1,-1,63,13,34,37,13,30,22,13,21,35,45,49,59,82,99,99,99,99,99,99,99,57,99,99,99,89,99,70,99,96,63,91,76,48,23,12,15,15,11,12,16,19,20,23,27,43,72,99,99,99,100,100,99,76,42,50,53,41,29,10,9,6,8,11,25,28,19,23,34,45,57,64,62,59,64,67,59,68,80,24,44,18,31,20,30,47,63,49,15,24,52,49,28,27,18,5,16,25,27,11,24,16,9,14,15,14,14,9,7,-1,-1,-1,-1,-1,-1,-1,-1,-1,-1,-1,-1,-1,-1,-1,-1,-1,-1,-1,-1,-1,-1,-1,-1,-1,-1,-1,-1,-1,-1,-1,-1,-1,-1,-1,-1,-1,-1,-1,-1,-1,-1,-1,-1,-1,-1,-1
102,-1,-1,-1,-1,-1,-1,-1,-1,-1,-1,-1,-1,-1,-1,-1,-1,-1,-1,31,54,51,21,27,27,18,14,9,8,20,31,37,45,73,93,99,99,99,99,79,99,99,99,99,99,97,92,95,57,98,83,51,30,14,17,18,14,24,45,56,57,56,64,78,99,99,99,100,100,100,99,99,50,20,38,40,24,17,7,7,4,8,14,15,4,16,8,16,22,24,32,41,45,45,43,42,46,59,34,24,25,24,15,23,29,15,15,33,23,36,15,24,12,13,12,7,9,15,15,12,4,-1,-1,-1,-1,-1,-1,-1,-1,-1,-1,-1,-1,-1,-1,-1,-1,-1,-1,-1,-1,-1,-1,-1,-1,-1,-1,-1,-1,-1,-1,-1,-1,-1,-1,-1,-1,-1,-1,-1,-1,-1,-1,-1,-1,-1,-1,-1,-1,-1,-1,-1,-1,-1,-1
103,-1,-1,-1,-1,-1,-1,-1,-1,-1,-1,-1,-1,-1,-1,-1,-1,-1,-1,77,89,40,36,29,10,4,5,9,16,9,19,24,24,44,81,99,99,99,99,99,99,99,99,100,100,99,49,68,87,71,36,21,19,11,18,34,45,71,99,99,99,99,99,99,99,99,99,100,99,99,99,65,24,16,30,24,10,6,4,3,4,8,10,1,12,16,9,15,17,7,8,22,30,29,21,17,25,52,31,72,68,29,25,32,37,10,18,24,14,18,19,26,10,14,9,5,-1,-1,-1,-1,-1,-1,-1,-1,-1,-1,-1,-1,-1,-1,-1,-1,-1,-1,-1,-1,-1,-1,-1,-1,-1,-1,-1,-1,-1,-1,-1,-1,-1,-1,-1,-1,-1,-1,-1,-1,-1,-1,-1,-1,-1,-1,-1,-1,-1,-1,-1,-1,-1,-1,-1,-1,-1,-1,-1
104,-1,-1,-1,-1,-1,-1,-1,-1,-1,-1,-1,-1,-1,-1,-1,-1,-1,-1,34,23,46,46,18,4,6,6,8,10,8,12,13,19,37,64,99,99,99,99,99,99,99,100,100,99,92,99,86,60,34,14,8,12,15,26,59,82,70,60,62,69,87,99,99,81,83,99,99,99,82,42,20,14,22,24,13,3,5,4,5,4,6,3,7,3,9,9,13,13,5,5,12,18,18,11,6,9,46,32,98,97,47,47,25,27,15,11,18,17,9,-1,-1,-1,-1,-1,-1,-1,-1,-1,-1,-1,-1,-1,-1,-1,-1,-1,-1,-1,-1,-1,-1,-1,-1,-1,-1,-1,-1,-1,-1,-1,-1,-1,-1,-1,-1,-1,-1,-1,-1,-1,-1,-1,-1,-1,-1,-1,-1,-1,-1,-1,-1,-1,-1,-1,-1,-1,-1,-1,-1,-1,-1,-1,-1,-1
105,-1,-1,-1,-1,-1,-1,-1,-1,-1,-1,-1,-1,-1,-1,-1,-1,-1,-1,43,62,42,22,8,5,7,9,7,7,9,12,12,17,29,33,72,99,91,99,99,94,99,100,100,99,92,68,35,17,12,10,17,37,48,72,99,85,99,99,99,99,92,99,99,99,99,99,80,57,25,12,14,13,22,18,8,3,3,7,7,6,8,4,4,8,9,6,6,8,7,7,6,7,9,7,6,3,31,28,78,85,57,65,-1,-1,-1,-1,-1,-1,-1,-1,-1,-1,-1,-1,-1,-1,-1,-1,-1,-1,-1,-1,-1,-1,-1,-1,-1,-1,-1,-1,-1,-1,-1,-1,-1,-1,-1,-1,-1,-1,-1,-1,-1,-1,-1,-1,-1,-1,-1,-1,-1,-1,-1,-1,-1,-1,-1,-1,-1,-1,-1,-1,-1,-1,-1,-1,-1,-1,-1,-1,-1,-1,-1,-1
106,-1,-1,-1,-1,-1,-1,-1,-1,-1,-1,-1,-1,-1,-1,-1,-1,-1,-1,-1,25,6,3,4,8,10,11,11,11,10,14,18,18,26,35,62,75,99,99,85,85,92,99,99,99,44,33,23,22,27,43,65,73,86,99,99,64,99,99,99,79,63,82,99,85,69,53,31,17,10,10,13,10,16,11,6,7,5,5,7,7,10,8,5,9,7,8,9,8,11,8,3,3,5,7,5,3,15,-1,-1,-1,-1,-1,-1,-1,-1,-1,-1,-1,-1,-1,-1,-1,-1,-1,-1,-1,-1,-1,-1,-1,-1,-1,-1,-1,-1,-1,-1,-1,-1,-1,-1,-1,-1,-1,-1,-1,-1,-1,-1,-1,-1,-1,-1,-1,-1,-1,-1,-1,-1,-1,-1,-1,-1,-1,-1,-1,-1,-1,-1,-1,-1,-1,-1,-1,-1,-1,-1,-1,-1,-1,-1,-1,-1,-1
107,-1,-1,-1,-1,-1,-1,-1,-1,-1,-1,-1,-1,-1,-1,-1,-1,-1,-1,-1,11,20,3,4,10,15,14,12,12,11,10,15,13,24,53,83,60,99,99,99,99,99,65,99,99,36,90,71,66,87,99,99,76,74,99,92,51,52,66,60,35,22,35,45,31,21,17,8,11,9,8,7,13,13,7,5,6,9,13,13,12,9,6,9,7,8,7,9,8,9,5,3,-1,-1,-1,-1,-1,-1,-1,-1,-1,-1,-1,-1,-1,-1,-1,-1,-1,-1,-1,-1,-1,-1,-1,-1,-1,-1,-1,-1,-1,-1,-1,-1,-1,-1,-1,-1,-1,-1,-1,-1,-1,-1,-1,-1,-1,-1,-1,-1,-1,-1,-1,-1,-1,-1,-1,-1,-1,-1,-1,-1,-1,-1,-1,-1,-1,-1,-1,-1,-1,-1,-1,-1,-1,-1,-1,-1,-1,-1,-1,-1,-1,-1,-1
108,-1,-1,-1,-1,-1,-1,-1,-1,-1,-1,-1,-1,-1,-1,-1,-1,-1,-1,-1,8,2,4,8,8,7,8,10,10,13,12,13,13,15,41,78,96,66,99,99,99,99,99,89,99,83,99,99,99,99,99,69,94,84,63,67,45,34,32,26,15,13,12,16,13,10,8,10,10,13,12,13,15,11,6,3,7,13,14,7,7,8,-1,11,7,-1,-1,-1,-1,-1,-1,-1,-1,-1,-1,-1,-1,-1,-1,-1,-1,-1,-1,-1,-1,-1,-1,-1,-1,-1,-1,-1,-1,-1,-1,-1,-1,-1,-1,-1,-1,-1,-1,-1,-1,-1,-1,-1,-1,-1,-1,-1,-1,-1,-1,-1,-1,-1,-1,-1,-1,-1,-1,-1,-1,-1,-1,-1,-1,-1,-1,-1,-1,-1,-1,-1,-1,-1,-1,-1,-1,-1,-1,-1,-1,-1,-1,-1,-1,-1,-1,-1,-1,-1,-1
109,-1,-1,-1,-1,-1,-1,-1,-1,-1,-1,-1,-1,-1,-1,-1,-1,-1,-1,-1,34,35,23,35,28,7,9,10,15,18,21,21,22,19,22,47,99,99,94,99,99,99,99,52,99,99,50,87,95,77,87,99,99,77,61,53,36,28,25,27,26,23,25,17,12,7,6,6,6,14,17,15,8,5,5,3,9,10,8,5,-1,-1,-1,-1,-1,-1,-1,-1,-1,-1,-1,-1,-1,-1,-1,-1,-1,-1,-1,-1,-1,-1,-1,-1,-1,-1,-1,-1,-1,-1,-1,-1,-1,-1,-1,-1,-1,-1,-1,-1,-1,-1,-1,-1,-1,-1,-1,-1,-1,-1,-1,-1,-1,-1,-1,-1,-1,-1,-1,-1,-1,-1,-1,-1,-1,-1,-1,-1,-1,-1,-1,-1,-1,-1,-1,-1,-1,-1,-1,-1,-1,-1,-1,-1,-1,-1,-1,-1,-1,-1,-1,-1,-1,-1,-1
110,-1,-1,-1,-1,-1,-1,-1,-1,-1,-1,-1,-1,-1,-1,-1,-1,-1,-1,-1,68,50,48,69,40,26,29,17,18,29,38,39,44,41,20,38,69,83,58,75,71,68,55,53,68,74,71,67,71,84,93,83,64,40,37,33,34,32,25,22,21,19,22,14,17,10,12,9,4,6,8,-1,9,-1,-1,-1,-1,-1,-1,-1,-1,-1,-1,-1,-1,-1,-1,-1,-1,-1,-1,-1,-1,-1,-1,-1,-1,-1,-1,-1,-1,-1,-1,-1,-1,-1,-1,-1,-1,-1,-1,-1,-1,-1,-1,-1,-1,-1,-1,-1,-1,-1,-1,-1,-1,-1,-1,-1,-1,-1,-1,-1,-1,-1,-1,-1,-1,-1,-1,-1,-1,-1,-1,-1,-1,-1,-1,-1,-1,-1,-1,-1,-1,-1,-1,-1,-1,-1,-1,-1,-1,-1,-1,-1,-1,-1,-1,-1,-1,-1,-1,-1,-1,-1,-1
111,-1,-1,-1,-1,-1,-1,-1,-1,-1,-1,-1,-1,-1,-1,-1,-1,-1,-1,-1,-1,78,73,42,38,58,42,37,30,37,51,56,59,47,27,45,53,60,78,87,75,76,74,53,31,26,37,50,59,63,56,40,37,36,30,35,43,45,47,44,37,33,16,11,19,21,-1,-1,-1,-1,-1,-1,-1,-1,-1,-1,-1,-1,-1,-1,-1,-1,-1,-1,-1,-1,-1,-1,-1,-1,-1,-1,-1,-1,-1,-1,-1,-1,-1,-1,-1,-1,-1,-1,-1,-1,-1,-1,-1,-1,-1,-1,-1,-1,-1,-1,-1,-1,-1,-1,-1,-1,-1,-1,-1,-1,-1,-1,-1,-1,-1,-1,-1,-1,-1,-1,-1,-1,-1,-1,-1,-1,-1,-1,-1,-1,-1,-1,-1,-1,-1,-1,-1,-1,-1,-1,-1,-1,-1,-1,-1,-1,-1,-1,-1,-1,-1,-1,-1,-1,-1,-1,-1,-1,-1
112,-1,-1,-1,-1,-1,-1,-1,-1,-1,-1,-1,-1,-1,-1,-1,-1,-1,-1,-1,-1,99,99,99,99,71,37,63,52,30,26,27,28,29,37,43,49,51,57,63,63,66,64,43,24,33,49,48,43,51,56,49,39,40,45,40,34,37,43,38,-1,36,-1,-1,-1,-1,-1,-1,-1,-1,-1,-1,-1,-1,-1,-1,-1,-1,-1,-1,-1,-1,-1,-1,-1,-1,-1,-1,-1,-1,-1,-1,-1,-1,-1,-1,-1,-1,-1,-1,-1,-1,-1,-1,-1,-1,-1,-1,-1,-1,-1,-1,-1,-1,-1,-1,-1,-1,-1,-1,-1,-1,-1,-1,-1,-1,-1,-1,-1,-1,-1,-1,-1,-1,-1,-1,-1,-1,-1,-1,-1,-1,-1,-1,-1,-1,-1,-1,-1,-1,-1,-1,-1,-1,-1,-1,-1,-1,-1,-1,-1,-1,-1,-1,-1,-1,-1,-1,-1,-1,-1,-1,-1,-1,-1
113,-1,-1,-1,-1,-1,-1,-1,-1,-1,-1,-1,-1,-1,-1,-1,-1,-1,-1,-1,-1,89,99,99,99,41,66,67,64,53,54,55,46,42,38,35,41,44,31,26,34,36,36,24,16,37,55,44,29,33,41,41,30,-1,30,-1,-1,-1,-1,-1,-1,-1,-1,-1,-1,-1,-1,-1,-1,-1,-1,-1,-1,-1,-1,-1,-1,-1,-1,-1,-1,-1,-1,-1,-1,-1,-1,-1,-1,-1,-1,-1,-1,-1,-1,-1,-1,-1,-1,-1,-1,-1,-1,-1,-1,-1,-1,-1,-1,-1,-1,-1,-1,-1,-1,-1,-1,-1,-1,-1,-1,-1,-1,-1,-1,-1,-1,-1,-1,-1,-1,-1,-1,-1,-1,-1,-1,-1,-1,-1,-1,-1,-1,-1,-1,-1,-1,-1,-1,-1,-1,-1,-1,-1,-1,-1,-1,-1,-1,-1,-1,-1,-1,-1,-1,-1,-1,-1,-1,-1,-1,-1,-1,-1,-1
114,-1,-1,-1,-1,-1,-1,-1,-1,-1,-1,-1,-1,-1,-1,-1,-1,-1,-1,-1,-1,40,40,46,61,80,57,45,55,42,36,34,24,23,25,17,19,27,18,7,13,16,14,10,10,22,28,21,-1,-1,-1,-1,-1,-1,-1,-1,-1,-1,-1,-1,-1,-1,-1,-1,-1,-1,-1,-1,-1,-1,-1,-1,-1,-1,-1,-1,-1,-1,-1,-1,-1,-1,-1,-1,-1,-1,-1,-1,-1,-1,-1,-1,-1,-1,-1,-1,-1,-1,-1,-1,-1,-1,-1,-1,-1,-1,-1,-1,-1,-1,-1,-1,-1,-1,-1,-1,-1,-1,-1,-1,-1,-1,-1,-1,-1,-1,-1,-1,-1,-1,-1,-1,-1,-1,-1,-1,-1,-1,-1,-1,-1,-1,-1,-1,-1,-1,-1,-1,-1,-1,-1,-1,-1,-1,-1,-1,-1,-1,-1,-1,-1,-1,-1,-1,-1,-1,-1,-1,-1,-1,-1,-1,-1,-1,-1
115,-1,-1,-1,-1,-1,-1,-1,-1,-1,-1,-1,-1,-1,-1,-1,-1,-1,-1,-1,-1,45,63,90,89,67,26,21,38,23,9,7,9,7,14,3,5,10,4,7,3,4,-1,-1,-1,-1,-1,-1,-1,-1,-1,-1,-1,-1,-1,-1,-1,-1,-1,-1,-1,-1,-1,-1,-1,-1,-1,-1,-1,-1,-1,-1,-1,-1,-1,-1,-1,-1,-1,-1,-1,-1,-1,-1,-1,-1,-1,-1,-1,-1,-1,-1,-1,-1,-1,-1,-1,-1,-1,-1,-1,-1,-1,-1,-1,-1,-1,-1,-1,-1,-1,-1,-1,-1,-1,-1,-1,-1,-1,-1,-1,-1,-1,-1,-1,-1,-1,-1,-1,-1,-1,-1,-1,-1,-1,-1,-1,-1,-1,-1,-1,-1,-1,-1,-1,-1,-1,-1,-1,-1,-1,-1,-1,-1,-1,-1,-1,-1,-1,-1,-1,-1,-1,-1,-1,-1,-1,-1,-1,-1,-1,-1,-1,-1,-1
116,-1,-1,-1,-1,-1,-1,-1,-1,-1,-1,-1,-1,-1,-1,-1,-1,-1,-1,-1,-1,-1,58,44,31,24,22,18,39,20,4,6,14,10,11,-1,-1,-1,-1,-1,-1,-1,-1,-1,-1,-1,-1,-1,-1,-1,-1,-1,-1,-1,-1,-1,-1,-1,-1,-1,-1,-1,-1,-1,-1,-1,-1,-1,-1,-1,-1,-1,-1,-1,-1,-1,-1,-1,-1,-1,-1,-1,-1,-1,-1,-1,-1,-1,-1,-1,-1,-1,-1,-1,-1,-1,-1,-1,-1,-1,-1,-1,-1,-1,-1,-1,-1,-1,-1,-1,-1,-1,-1,-1,-1,-1,-1,-1,-1,-1,-1,-1,-1,-1,-1,-1,-1,-1,-1,-1,-1,-1,-1,-1,-1,-1,-1,-1,-1,-1,-1,-1,-1,-1,-1,-1,-1,-1,-1,-1,-1,-1,-1,-1,-1,-1,-1,-1,-1,-1,-1,-1,-1,-1,-1,-1,-1,-1,-1,-1,-1,-1,-1,-1,-1
117,-1,-1,-1,-1,-1,-1,-1,-1,-1,-1,-1,-1,-1,-1,-1,-1,-1,-1,-1,-1,-1,40,14,33,34,32,23,40,-1,-1,-1,-1,-1,-1,-1,-1,-1,-1,-1,-1,-1,-1,-1,-1,-1,-1,-1,-1,-1,-1,-1,-1,-1,-1,-1,-1,-1,-1,-1,-1,-1,-1,-1,-1,-1,-1,-1,-1,-1,-1,-1,-1,-1,-1,-1,-1,-1,-1,-1,-1,-1,-1,-1,-1,-1,-1,-1,-1,-1,-1,-1,-1,-1,-1,-1,-1,-1,-1,-1,-1,-1,-1,-1,-1,-1,-1,-1,-1,-1,-1,-1,-1,-1,-1,-1,-1,-1,-1,-1,-1,-1,-1,-1,-1,-1,-1,-1,-1,-1,-1,-1,-1,-1,-1,-1,-1,-1,-1,-1,-1,-1,-1,-1,-1,-1,-1,-1,-1,-1,-1,-1,-1,-1,-1,-1,-1,-1,-1,-1,-1,-1,-1,-1,-1,-1,-1,-1,-1,-1,-1,-1,-1,-1,-1
118,-1,-1,-1,-1,-1,-1,-1,-1,-1,-1,-1,-1,-1,-1,-1,-1,-1,-1,-1,-1,-1,18,-1,-1,-1,-1,-1,-1,-1,-1,-1,-1,-1,-1,-1,-1,-1,-1,-1,-1,-1,-1,-1,-1,-1,-1,-1,-1,-1,-1,-1,-1,-1,-1,-1,-1,-1,-1,-1,-1,-1,-1,-1,-1,-1,-1,-1,-1,-1,-1,-1,-1,-1,-1,-1,-1,-1,-1,-1,-1,-1,-1,-1,-1,-1,-1,-1,-1,-1,-1,-1,-1,-1,-1,-1,-1,-1,-1,-1,-1,-1,-1,-1,-1,-1,-1,-1,-1,-1,-1,-1,-1,-1,-1,-1,-1,-1,-1,-1,-1,-1,-1,-1,-1,-1,-1,-1,-1,-1,-1,-1,-1,-1,-1,-1,-1,-1,-1,-1,-1,-1,-1,-1,-1,-1,-1,-1,-1,-1,-1,-1,-1,-1,-1,-1,-1,-1,-1,-1,-1,-1,-1,-1,-1,-1,-1,-1,-1,-1,-1,-1,-1,-1,-1
119,-1,-1,-1,-1,-1,-1,-1,-1,-1,-1,-1,-1,-1,-1,-1,-1,-1,-1,-1,-1,-1,-1,-1,-1,-1,-1,-1,-1,-1,-1,-1,-1,-1,-1,-1,-1,-1,-1,-1,-1,-1,-1,-1,-1,-1,-1,-1,-1,-1,-1,-1,-1,-1,-1,-1,-1,-1,-1,-1,-1,-1,-1,-1,-1,-1,-1,-1,-1,-1,-1,-1,-1,-1,-1,-1,-1,-1,-1,-1,-1,-1,-1,-1,-1,-1,-1,-1,-1,-1,-1,-1,-1,-1,-1,-1,-1,-1,-1,-1,-1,-1,-1,-1,-1,-1,-1,-1,-1,-1,-1,-1,-1,-1,-1,-1,-1,-1,-1,-1,-1,-1,-1,-1,-1,-1,-1,-1,-1,-1,-1,-1,-1,-1,-1,-1,-1,-1,-1,-1,-1,-1,-1,-1,-1,-1,-1,-1,-1,-1,-1,-1,-1,-1,-1,-1,-1,-1,-1,-1,-1,-1,-1,-1,-1,-1,-1,-1,-1,-1,-1,-1,-1,-1,-1
